CarParkID,CarParkName_Zh_tw,EntranceExitType,EntranceExits_EntranceExitName_Zh_tw,EntranceExits_Position_PositionLat,EntranceExits_Position_PositionLon,EntranceExits_Type,EntranceExits_MaxAllowedHeight,EntranceExits_RoadID,EntranceExits_RoadName,EntranceExits_LinkID,EntranceExits_Bearing
10816,停14(蘭停八)停車場,1,雅竹路76號,23.47629,120.4728,1,,,大雅路,,SE
10906,垂楊國小地下停車場,1,垂楊國小地下停車場,23.47066,120.4391,1,,,上海路,,W
Cityparking1,嘉義成仁站停車場,1,嘉義市垂楊路256號,23.47441,120.4534,1,,,垂楊路,,E
10814,大同國小(西榮街)停車場,1,大同國小(西榮街)停車場,23.47412,120.4584,1,,,西榮街,,S
10909,市府大樓地下停車場,1,市府大樓地下停車場,23.48068,120.454,1,,640102I,民樂街,6401020200010I,E
10909A,市府前廣場停車場,1,市府前廣場停車場,23.48212,120.4542,1,,640165I,吳鳳北路,6401650000050I,N
11006A,西市場忠義街停車場,1,西市場忠義街停車場,23.47927,120.4473,1,,640183I,忠義街,6401830400040I,S
10904east,新生路停車場民國站,1,嘉義市東區民族路35-25,23.47693,120.46073,1,,,民族路,,W
10701east,嘉義中山停車場,1,嘉義市中山路248號,23.48025,120.45048,1,,640041I,中山路,6400410200000I,NE
10909B,舊市公所停車場,1,舊市公所停車場,23.47553,120.4471,1,,,民生北路,,S
10904Aeast,新生路停車場民族站,1,嘉義市東區民族路35-25,23.47679,120.46063,1,,640098I,民國路,6400980400080I,S
10504,文化公園(停6)停車場,1,國華街出入口、垂楊路出入口,23.47985,120.4247,1,,640300I,國華街,6403000000120I,N
10902east,檜村里(機6)停車場,1,嘉義市中山路346巷1號,23.48916,120.4547,1,,,忠孝路,,W
10801east,博物館地下停車場,1,忠孝路275之1號B1,23.48701,120.45141,1,,,無名,,NE
10820,民族國小地下停車場,1,民族國小地下停車場,23.47412,120.4584,1,,,垂楊路,,E
10904,德安停車場,1, 德安停車場,23.48391,120.43192,1,,,德安路,,E
10810,北港路(停9)停車場,1,北港路與友忠路口,23.47773,120.4342,1,,640083I,北港路,6400830700120I,NW
11010,嘉義蘭井街停車場,1,蘭井街372號對面,23.48611,120.42664,1,,640391I,廣寧街,6403910000010I,N
10721,中正公園地下停車場,1,民權路出入口,23.48192,120.44727,1,,,民權路,,W
10912east,嘉義東市停車場,1,嘉義東市停車場廿,23.47872,120.4534,1,,640165I,吳鳳北路,6401650000100I,N
10819,中央廣場地下停車場,1,中央廣場地下停車場,23.50612,120.4393,1,,,民權路,,E
10918,新民二站停車場,1,新民二站停車場,23.4676,120.44031,1,,640346I,新民路,6403460000060I,N
11006,西市場大樓停車場,1,國華街出入口、忠義街出入口,23.47911,120.44852,1,,,國華街,,N
11017,金財神停車場,1,金財神停車場,23.47637,120.4457,1,,640174I,延平街,6401740200050I,E
10818,嘉義延平停車場,1,嘉義市延平街450號,23.47608,120.4416,1,,640174I,延平街,6401740200010I,E
10802,嘉義中興停車場,1,嘉義市中興路271巷4弄2號,23.48141,120.4332,1,,,中興路,,E
DuDuhouse,吳鳳民族站,1,嘉義市吳鳳北路77號,23.47576,120.4535,1,,640101I,民族路,6401010600220I,W
10817,停10(蘭停七)停車場,1,停10(蘭停七)停車場,23.47717,120.4662,1,,,大雅路,,N
10808,火車站前停車場,1,火車站前停車場,23.48007,120.44306,1,,,林森西路,,NW
10915,轉運中心地下停車場,1,轉運中心地下停車場,23.48081,120.4407,1,,,中興路,,SW
P20,樟腦寮月香停車場,1,樟腦寮月香停車場出入口,23.53167,120.6019,2,,,無名,,S
DL01,明和休閒公園旁公有免費停車場(停一),1,西榮路出入口,23.60691,120.44787,2,,,西榮路,,NW
BD01,公有免費停車場（岑海里舊派出所旁停車場）,1,中山路出入口,23.3798,120.152,2,,670089Q,中山路,6700890600010Q,W
STO003,停二停車場,1,中興路口,23.43073,120.40044,2,300,,正義路,,N
Puzi01,廣停二停車場,1,光復新路,23.45875,120.24564,2,,,光復新路,,S
DS01,東石鄉港口宮停車場,1,嘉9線出入口,23.49355,120.1863,2,,,無名,,S
P05,五都停車場嘉義站,2,,,,,,,,,
P04,五都停車場高鐵嘉義二站,2,,,,,,,,,
STO005,水上鄉停（四）停車場,1,中和路,23.42984,120.40312,2,250,,中和路,,NE
P22,佛教大林慈濟醫院停車場,1,民生路出入口,23.59647,120.45753,3,,,null,,S
LJ03,六腳鄉公所公有停車場,1,嘉50線出入口,23.4937,120.2909,2,,,嘉50,,W
Cyhg06,公有免費停車場（朴子五路、祥和二路）,1,朴子五路出入口,23.4584,120.2875,2,,670296Q,朴子五路,6702960000000Q,N
Cyhg07,朴子配天宮公有停車場,1,開元路出入口,23.4681,120.2463,2,,670493Q,開元路,6704930500000Q,SW
P16,助安168嘉義高鐵站,1,高鐵東路出入口,23.45663,120.32367,3,,,無名,,W
P19,嘟嘟房新港奉天宮站停車場,2,,,,,,,,,
DL03,大林體育運動公園前公有免費停車場(停三),1,新興街出入口,23.59908,120.4583,2,,670543Q,新興街,6705430400010Q,S
P14,嘟嘟房嘉義朴子站,1,大同路出入口,23.46163,120.23697,1,,670037Q,大同路,6700370600000Q,W
P11,嘉義長庚醫院停車場（東北側）,1,嘉義長庚醫院停車場（東北側）出入口,23.46383,120.28781,1,,,長庚一路,,W
STO002,停一停車場,1,中正路口,23.42787,120.39869,2,300,670109Q,中正路,6701090200000Q,E
P18,廉增停車場故宮南院站,3,故宮北路出入口,23.47812,120.29337,1,,,故宮北路,,W
STO001,機一停車場,3,中正路口,23.4278,120.39746,1,300,,中正路,,E
P17,好庭車停車場,1,保鐵三路出入口,23.4584,120.3258,1,,670385Q,保鐵三路,6703850000020Q,N
P03,嘉義二停車場,2,,,,,,,,,
MS01,民雄鄉公有臨時停車場,1,文化路出入口,23.55368,120.4303,2,,,文化路,,N
P12,嘉義長庚醫院停車場(西側),1,嘉義長庚醫院停車場(西側)出入口,23.46312,120.28429,3,,,無名,,N
STO004,水上鄉停（三）停車場,1,朴子路,23.43381,120.3959,2,250,,嘉朴路,,NW
P07,布袋港第二停車場,1,布袋港第二停車場出入口,23.38068,120.13907,1,,,無名,,W
CYHG02,創新地下停車場,1,創新學院停車場出入口,23.45696,120.29464,3,,670453Q,祥和二路,6704530600000Q,W
P13,嘟嘟房嘉義大同站,1,大同路出入口,23.46123,120.2448,1,,,大同路,,W
Puzi03,廣停三停車場,1,海通路,23.46356,120.23336,2,,,縣157,,E
DL02,大林後火車站公有免費停車場(停二),2,,,,,,,,,
P10,嘉義長庚醫院停車場（綜合醫學大樓）,2,,,,,,,,,
XT01,新港停一立體停車場,1,文昌街出入口,23.55423,120.34821,1,,,文昌街,,E
P06,布袋港旅客服務中心停車場,1,布袋港旅客服務中心停車場出入口,23.37789,120.1399,1,,,null,,S
Puzi06,廣停四停車場,1,四維路一段,23.46619,120.25156,254,,,四維路,,SW
CYHG05,快捷停車場,1,保鐵三路出入口,23.45749,120.32546,3,,670385Q,保鐵三路,6703850000020Q,N
0001CYHG,朴子醫院停車場,1,海通路出入口,23.46403,120.23493,1,,,null,,N
P02,強展金世界停車場,1,長安街出入口,23.51451,120.4416,3,,,無名,,S
P21,快樂停車場,1,平和街出入口,23.60157,120.45604,2,,,平和街,,NE
ZPFA01,中埔鄉農會停車場,1,阿里山公路出入口,23.4464,120.49377,3,,,台18,,SE
MS0001,梅山公園停車場,1,環南路出入口,23.57799,120.55856,2,,670604Q,環南路,6706040300000Q,SE
CYHG03,府前地下停車場,2,,,,,,,,,
Puzi05,廣停八停車場,1,文明路,23.47003,120.2473,2,,670179Q,文明路,6701790700010Q,W
P01,強展嘉大民雄校區停車場,1,出入口,23.54213,120.4231,1,,,無名,,W
P09,嘉義長庚醫院停車場（醫學大樓）,1,嘉義長庚醫院停車場（醫學大樓）出入口,23.46608,120.2847,1,,670619Q,長庚一路,6706190600000Q,W
P15,嘟嘟房高鐵嘉義站,3,高鐵西路出入口(P2),23.45831,120.32341,3,,670440Q,高鐵西路,6704400400020Q,S
Puzi04,廣停五停車場,1,海通路,23.46364,120.237,2,,670429Q,海通路,6704290200010Q,E
BD02,公有免費停車場（布袋文創對面停車場）,1,中正路出入口,23.38198,120.1554,2,,670104Q,中正路,6701040000000Q,N
Puzi02,廣停六停車場,1,四維路二段,23.45939,120.2364,2,,,四維路,,S
MS0002,雲梯接駁停車場,1,中學路出入口,23.5756,120.5601,2,,670121Q,中學路,6701210400000Q,S
Puzi07,嘉義縣朴子市第一公有零售市場地下室停車場,1,開元路,23.46614,120.2435,254,,,開元路,,NE
Cyhg01,公有免費停車場（仁和二路、小槺榔三路）,1,仁和二路出入口,23.4678,120.2809,2,,670136Q,仁和二路,6701360600010Q,W
P08,布袋港第三停車場,1,布袋港第三停車場出入口,23.37936,120.1419,1,,,無名,,N
HSZ_NI,牛埔地下停車場,1,牛埔停車場入口,24.79738,120.94263,1,,661074O,牛埔路,6610740200010O,NE
AG,東大陸橋停車場-中華站,1,中華路路口,24.80426,120.97503,1,,,中華路,,SW
HSZ_NA,南門機械停車場,1,中華路二段,24.79998,120.9687,3,,,中華路,,NE
HSZ_CH,赤土崎地下停車場,1,赤土崎二街出入口 ,24.79909,120.99377,3,200,,無名,,S
57,火車站後站(一、二、三、四)汽車停車場,3,汽車四:東大路一段21巷,24.80221,120.97549,1,,,東大路,,SE
AB,新科國中地下停車場 ,1,光復路一段89巷出口、光復路一段89巷入口,24.77954,121.02464,3,210,,光復路,,S
HSZ_MP,明湖公園平面停車場,1,明湖路775巷出口、明湖路775巷入口,24.77452,120.96803,3,,,明湖路,,E
AA,頂竹圍地下停車場,1,竹蓮街,24.79745,120.9719,1,,,竹蓮街,,SE
AD,生命園區第一停車場,1,成德路132號,24.82396,120.9456,1,,,吉羊路,,N
A5,稅務大樓地下停車場,1,中央路出口、中央路入口,24.80623,120.9699,3,200,,中央路,,SW
HSZ_ZO,動物園地下停車場,2,,,,,,,,,
HSZ_QL,青草湖立體停車場,1,明湖路1075巷出口、明湖路1075巷入口,24.77384,120.97008,3,200,,明湖路,,SE
HSZ_LA,勞山新村機車停車場,1,南大路140巷,24.80143,120.97547,1,,,南大路,,NW
HSZ_RA,後站機車第二停車場,1,南大路218巷,24.80032,120.97323,1,,,南大路,,NW
AH,東大陸橋停車場-中央站,2,,,,,,,,,
HSZ_FU,府後地下停車場,1,府後停車場入口,24.80717,120.96996,1,,,府後街,,NW
HSZ_ML,明志書院停車場,2,,,,,,,,,
96,延平停車場,1,延平路一段出口、延平路一段入口,24.80425,120.95723,1,,661151O,延平路,6611510600050O,W
HSZ_MN,南大路機車停車場,1,南大路,24.80039,120.97421,1,,661253O,南大路,6612530500020O,SW
HSZ_MI,民富機械停車場,1,少年街49巷,24.80646,120.95959,3,,,少年街,,NE
HSZ_NO,北區行政大樓地下停車場,1,北區行政大樓停車場出入口,24.81635,120.9703,1,180,,國華街,,S
AI,竹光國民運動中心地下2樓及3樓停車場,1,竹光街路口,24.8077,120.95365,1,,,竹光路,,NE
ZH,中正市場停車場,1,中正路,24.82396,120.9456,1,,661026O,中正路,6610260700050O,NW
44,停七停車場,1,西大路出口、西大路入口,24.79524,120.97187,1,,661132O,西大路,6611320700080O,NW
A00031, 東芥東大門停車場,1,重慶路出入口,23.97289,121.6097,1,,,重慶路,,NE
A00017,台灣國際開發事業有限公司花蓮醫院停車場,1,花蓮醫院停車場,23.97948,121.6112,1,280,,中正路,,SW
A00024,停佳安(花蓮停四)機車停車場,1,(停四)停車場出入口,23.99226,121.60194,1,,,無名,,SW
A00067,市八十三街停車場,1,國富十三街出入口,23.99072,121.59659,1,,,國富十三街,,SW
A00050,國富二街停車場,1,花蓮市國富二街,23.99083,121.59408,1,,,國富二街,,NW
A00079,城中大樓停車場,1,城中大樓停車場入口,23.9853,121.60579,3,,,無名,,NE
A00009,遠東百貨股份有限公司花蓮和平分公司,1,建林街,23.97912,121.59876,1,200,,建林街,,NE
A00072,好樂停 HAPPY PARKING–忠孝停車場,2,,,,,,,,,
A00018,彪吉利停場車(國民段469號),1,停車場出入口,23.99566,121.6041,1,,,國興一街,,SW
A00040,花蓮文化創意產業園區停車場,1,明義街出入口,23.97774,121.6044,1,,,明義街,,SE
A00013,明禮路停車場,1,明禮路出入口,23.9787,121.61098,1,,,明禮路,,NW
A00007,花蓮航空站計時收費停車場,1,機場右方汽車入口,24.02544,121.61276,2,,,無名,,SE
A00034,停好停滿停車場中華國小站,2,,,,,,,,,
A00021,花蓮壽豐車站停車場,1,壽豐車站北側高架,23.86902,121.5106,1,,,無名,,NE
A00002,永發停車場-東洋站,2,,,,,,,,,
A00039,花蓮民德二停車場,1,民權路出入口,23.98346,121.62199,1,,,民權路,,NE
A00047,168停車聯盟花蓮東大門場,1,五權街出入口,23.97284,121.6131,1,,,五權街,,SE
A00026,前站停車場,1,(前站)國聯一路,23.99347,121.60331,1,,,國民八街,,SE
A00028,遠雄海洋公園(股)公司,1,台11線上,23.84551,121.5353,1,,,台11,,S
A00066,花蓮國聯停車場,1,國聯五路出入口,23.99696,121.6073,1,,,國聯五路,,S
A00030,吉安仁里立體停車場,1,東里一街出入口,23.96582,121.59263,1,,,東里一街,,NE
A00035,林森停車場,1,林森路出入口,23.97747,121.59945,3,,679689U,林森路,6796890500030U,SW
A00068,花蓮富國停車場,1,國聯一路出入口,23.99409,121.6044,254,,,國聯一路,,E
A00049,花蓮市公園三民站,2,,,,,,,,,
A00038,花蓮民德一停車場,1,民德四街出入口,23.98349,121.62111,1,,,民德四街,,SW
A00048,博客停車場寶雅吉安場,1,博客停車場出入口,23.97269,121.5797,1,,,中山路,,SE
A00046,國盛四街停車場,1,國盛四街出入口,23.9943,121.6078,1,,,國盛四街,,N
A00076,好樂停 HAPPY PARKING-中央停車場,1,中央路三段入口,23.99453,121.59356,1,,,無名,,SE
A00070,吉安站前停車場,1,南昌北路85號右側,23.96851,121.58294,1,,,無名,,SE
A00025,彪吉利停車場(國聯五路站),1,停車場出入口,23.99233,121.60512,1,,679924U,國聯五路,6799240000010U,N
A00078,TIMES 花蓮延平街,1,延平街,23.98437,121.60271,1,,,延平街,,W
A00001,彪吉利(花蓮停三)汽(紅黃牌重機)車停車場,1,國聯一路,23.99169,121.6021,1,,,無名,,NW
A00019,新康停車場,1,富國十街,23.98872,121.5965,254,,,國富十街,,S
A00073,好樂停HAPPY PARKING-中山停車場,1,明智街出入口,23.98487,121.60373,1,,,明智街,,SW
A00033,花蓮民生停車場,1,南京街出入口,23.97531,121.60735,1,,,南京街,,SW
A00045,國富二十二街停車場,1,國富二十二街出入口,23.9924,121.5947,1,,,國富二十二街,,SE
A00080,鉄道商圈停車場,2,,,,,,,,,
A00044,停好車停車場,1,國興一街出入口,23.99418,121.6035,1,,,國興一街,,NE
A00036,統冠重慶店停車場,1,統冠超市,23.97324,121.6103,254,0,,重慶路,,SW
A00015,WORLD GYM世界健身俱樂部停車場,2,,,,,,,,,
A00003,丞捷停車場 ,1,國富十四街,23.99161,121.59574,2,,,國富十四街,,SE
A00005,福廣仁愛停車場,1,仁愛街出入口,23.97813,121.60225,1,,,仁愛街,,SE
A00043,中山明智停車場,1,明智街出入口,23.9847,121.6035,1,,,明智街,,SW
A00014,TIMES 三民街,1,三民街,23.97696,121.61147,1,,,三民街,,SE
A00059,花蓮中山路停車場,1,中山路出口,23.99656,121.59409,2,,679093U,中山路,6790930300020U,SE
A00011,新港街停車場,1,新港街出入口,23.97976,121.60614,3,,,新港街,,SE
A00022,佛教慈濟醫療財團法人花蓮慈濟醫院停車場,1,中央路出入口,23.99535,121.5931,1,,,中央路,,W
A00016,P&P停車場,1,福町路上,23.97546,121.6096,1,500,680158U,福町路,6801580700000U,NW
A00042,臺灣基督教門諾會醫療財團法人門諾醫院收費停車場,1,民權九街出熱口,23.98826,121.6272,1,,,民權九街,,SW
A00065,花蓮文化創意產業園區停車場,1,自由街路口,23.97621,121.6049,1,,,自由街,,NW
A00071,花蓮中山停車場,1,建中街,23.98657,121.6013,254,,,建中街,,SW
A00012,節約街停車場,1,節約街出入口,23.98,121.60965,1,,,節約街,,NE
A00054,盛昌停車場,1,富裕五街入口  富裕五街出口,23.99711,121.60749,2,,,國富五街,,SW
A00010,花蓮市忠孝立體停車場,2,,,,,,,,,
A00004,後火車站機車停車場,2,,,,,,,,,
A00060,福品旅店停車場,1,廣東街,23.97243,121.60735,1,,,廣東街,,SW
A00057,國聯停車場,1,國聯停車場,23.99205,121.6056,1,,679923U,國聯四路,6799230200030U,E
A00032,建程自由街停車場,1,廣東街,23.9733,121.60874,3,,,廣東街,,NE
A00023,彪吉利停車場(國盛站),1,(國盛站)停車場出入口,23.99113,121.60575,1,,,國民七街,,W
KIN0004,山外車站停車場,2,,,,,,,,,
KIN0001,金門航空站第三停車站,1,金門航空站第三路外停車場,24.43606,118.3661,1,,,中山路,,NW
KIN0002,金門高中停車場,1,金中出入口,24.4348,118.31368,1,,,光前路,,NW
LIE002,介壽地下停車場,1,介壽地下停車場出入口,26.15521,119.95147,1,,,無名,,E
LIE003,仁愛停車場,1,仁愛停車場出入口,26.14287,119.92547,2,,,津板路,,W
MIA029,叭叭房文林停車場,1,文林路,24.6981,120.89094,2,,,文林路,,W
MIA003,苗栗市停一停車場,1,忠孝路.民族路.北安街.自治路,24.52329,120.94191,1,200,,無名,,N
MIA023,叭叭房銀河停車場,2,,,,,,,,,
MIA001,苗栗中正站停車場,1,苗栗市中正路,24.52316,120.94192,1,200,,無名,,N
MIA010,南庄遊客中心停車場,1,大同路出入口,24.59737,120.99998,254,,648041K,大同路,6480410700010K,NW
MIA026,叭叭房廣停六停車場,2,,,,,,,,,
MIA014,後龍停一立體停車場,1,苗栗縣後龍鎮東門街 ,24.61573,120.7903,1,400,,中正路,,N
MIA006,苗栗市停八停車場,1,饒平街,24.52093,120.94339,1,200,,無名,,S
MIA030,叭叭房廣停四停車場,1,八德一路,24.69281,120.8925,2,,648004K,八德一路,6480040400020K,S
MIA016,尚順育樂世界停車場,1,育樂天地,24.68755,120.9051,1,210,,中央路,,E
MIA027,叭叭房民生停車場,1,中華路轉中民路,24.6784,120.89754,2,,,中民路,,NW
MIA013,Times苗栗莊敬街停車場,1,莊敬街處入口,24.55967,120.8188,1,,,莊敬街,,NE
MIA007,苗栗市停十停車場,1,民生街,24.52225,120.94224,1,200,,無名,,S
MIA004,苗栗市停四停車場,1,中山北路與中華路之間,24.50743,120.94491,1,200,,無名,,NW
MIA022,叭叭房光華停車場,2,,,,,,,,,
MIA005,苗栗市停五停車場,1,英明街與育賢街交叉口夜市旁,24.51591,120.94113,1,200,,無名,,N
MIA019,聯永客家委員會停車場,1,客家委員會停車場銅科南路出入口,24.46233,120.76984,2,,,銅科南路,,SE
MIA021,台鐵苗栗東站停車場,1,站前圓環,24.5697,120.82274,1,,,為公路,,E
MIA017,富山中山路停車場,1,中山路出入口,24.56048,120.82133,3,,648085K,中山路,6480850500010K,SW
MIA020,台鐵豐富站停車場,1,高鐵一路,24.60373,120.82735,1,,,高鐵一路,,SW
MIA025,叭叭房廣停二停車場,1,自強路185號,24.68633,120.90618,1,,,自強路,,NE
MIA008,苗栗市停十五停車場,1,英才路,24.52274,120.94234,1,200,,無名,,N
MIA012,大同國小地下停車場,1,苗栗縣苗栗市大同路50號,24.55261,120.81533,2,2100,648043K,大同路,6480430000000K,N
MIA024,叭叭房廣停三停車場,1,信東路二段118號,24.69709,120.90225,1,,,信東路,,NW
MIA018,苗栗台鐵高架橋下停車場,1,大場入口：忠貞路路口、小場入口：光復路口,24.56111,120.8188,1,,,府前路,,NE
MIA028,叭叭房廣停十五停車場,1,調和街,24.67885,120.90114,1,,,協和街,,NW
MIA011,竹南國中地下停車場,1,竹南鎮延平路,24.70072,120.87789,1,190,,延平路,,S
tsa004,草屯鎮公有零售市場地下停車場(市一停車場),1,和興街出入口,23.97825,120.6849,3,,,和興街,,S
tsa003,草鞋墩停二立體停車場,1,和興街出入口,23.97568,120.6854,1,,,和興一街,,N
tsa002,草屯鎮中正路臨時停車場,1,中正路,23.98425,120.7327,3,210,652141M,中正路,6521410400120M,E
exfop02,第二停車場,2,,,,,,,,,
cmh923,中山停車場,1,加正二巷、加正巷、中山路,23.75334,120.68517,2,,,下橫街,,W
exfop01,第一停車場,1,新大門、米停,23.67263,120.7982,1,,,null,,NE
NAN_002,草屯鎮公有草鞋墩多目標使用立體停車場,1,明賢街，立體停車場入口,23.97581,120.6857,1,,,明賢街,,W
jiji001,集集鎮公所集集國小地下停車場,1,民權路出入口,23.82667,120.78541,2,,652335M,民權路,6523350200000M,E
NAN_003,埔里鎮仁愛立體停車場,2,,,,,,,,,
tsa001,草屯鎮大成街停車場,1,大成街,23.98337,120.7321,3,,652062M,大成街,6520620000010M,N
NAN_005,南投縣政府地下停車場,1,三和一路,23.92188,120.6787,2,,652032M,三和一路,6520320600010M,W
NAN_011,溪頭自然教育園區第一停車場,1,興產路出入口,23.73788,120.7815,1,,,興產路,,E
NAN_004,婦幼館附設停車場,1,內山公路,23.92204,120.6739,2,,,無名,,SW
PT0009,屏菸1936文化基地立體停車場,2,,,,,,,,,
PT0005,機場北路路外停車場,1,崇勝一街路口,22.68756,120.47176,2,,676021T,機場北路,6760210000010T,N
PT0010,民生路立體停車場,1,萬倉街出入口,22.66913,120.4927,1,,,萬倉街,,NW
PT0015,自由延平停車場,1,建華路三街入口,22.66693,120.4843,1,,,建華三街,,N
PT0003,勝利星村路外停車場,1,博愛路路口,22.67882,120.48129,2,,675545T,博愛路,6755450000040T,N
PT0002,中華立體停車場,3,林森路機車出入口,22.67346,120.49024,1,,675102T,林森路,6751020600020T,W
PT0014,東港鎮中山路平面式路外停車場,1,中山立體停車場旁道路進出,22.46585,120.4511,1,,,無名,,SW
PT0016,東港漁港停車場,1,朝隆路,22.46779,120.44373,1,,,朝隆路,,E
PT0001,縣府立體停車場,1,自由路口，忠孝路口,22.68351,120.48896,1,2.1,674841T,自由路,6748410400050T,E
PT0004,自由路外停車場,1,自由路口,22.66648,120.49273,2,,,自由路,,SW
PT0017,潮州車站停車場,2,,,,,,,,,
PT0006,和平路路外停車場,1,和平路,22.67122,120.47819,2,,,和平路,,N
PT0018,屏東榮民總醫院東側路外停車場,2,,,,,,,,,
04P0C0015A,西區-公有-雙龍P,2,,,,,,,,,
09P0C0010A,豐原區-公有-葫蘆墩圳平面P8,2,,,,,,,,,
11P0C0002A,大甲區-公有-停三P,1,入口,24.34495,120.6237,1,,,鎮瀾街,,S
06P0C0013B,西屯區-公有-東興立體P,2,,,,,,,,,
09P0C0016C,豐原區-公有-富春國小地下P,1,中山路473巷出入口,24.2529,120.71378,1,210,,中山路,,NW
08P0C0029A,北屯區-公有-永和巷公園附屬停車場,2,,,,,,,,,
02P0C0001A,東區-公有-(停37)忠孝P,1,忠孝路出入口,24.13319,120.69034,1,,605983B,忠孝路,6059830200040B,NE
28P0C0014A,大里區-公有-廣兼停八P   ,1,德芳南路出入口,24.10247,120.68726,3,,,德芳南路,,SE
05P0C0017A,北區-公有-大湖停車場,2,,,,,,,,,
04P0C0002A,西區-公有-土庫P,2,,,,,,,,,
07P0C0010A,南屯區-公有-馬祖P,1,嶺東南路,24.13442,120.61029,1,,,嶺東南路,,N
07P0C0012A,南屯區-公有-新厝P,2,,,,,,,,,
05P0C0001A,北區-公有-山西P,2,,,,,,,,,
02P0C0010A,東區-公有-精武東P,2,,,,,,,,,
03P0C0012A,南區-公有-城隍機車停車場,1,出入口,24.12957,120.6807,1,,,合作街,,SE
28P0C0013A,大里區-公有-廣兼停六P   ,1,永隆路出入口,24.11415,120.67619,3,,,永隆路,,S
09P0C0001A,豐原區-公有-大明路中興P,1,大明路與三村路104巷出口,24.24176,120.70867,3,,,大明路,,NW
08P0C0009A,北屯區-公有-中興網球附設P,1,瀋陽路一段入口、瀋陽路一段出口,24.17448,120.6761,3,,,瀋陽路,,W
08P0C0016A,北屯區-公有-松竹P,1,崇德六路,24.1803,120.68304,1,,606844B,崇德六路,6068440600000B,W
06P0C0007A,西屯區-公有-太原P,1,太原停車場出入口,24.16115,120.6597,1,,,忠義街,,SE
02P0M0002A,東區-公有-舊建國市場臨時P,1,八德街與大智北路口,24.13888,120.68748,1,,608137B,大智北路,6081370000010B,N
04P0C0006A,西區-公有-光明P,1,台中市西區自由路一段89巷2號,24.13287,120.67474,1,,605739B,自由路,6057390100030B,NE
28P0C0009A,大里區-公有-立元P,2,,,,,,,,,
04P0C0011A,西區-公有-貴和P,1,貴和街,24.13647,120.6706,1,,,貴和街,,NW
09P0C0017A,豐原區-公有-環北站P,1,圓環北路一段３１９號旁,24.25802,120.71924,1,,607196B,圓環北路,6071960500020B,SW
04P0C0005A,西區-公有-民龍P,1,博館一街,24.15262,120.6702,1,,,博館一街,,NW
27P0C0003B,太平區-公有-新平立體P,3,樹孝路出入口,24.14907,120.71599,3,,,樹孝路,,S
06P0C0006A,西屯區-公有-大鵬P  ,1,中清西二街,24.17557,120.6657,3,,,中清西二街,,E
27P0C0011A,太平區-公所-馬卡龍公園P,2,,,,,,,,,
09P0C0012A,豐原區-公有-北陽路P,1,北陽路,24.2519,120.73175,3,,,北陽路,,E
02P0C0002A,東區-公有-(停61)十甲P,1,東英八街二聖街口,24.14194,120.7057,1,,,東英八街,,S
04P0C0009C,西區-公有-柳川P,1,四維街,24.1408,120.67186,1,,,四維街,,NW
06P0C0027A,西屯區-公有-秋紅谷平面停車場,1,河南路口,24.16684,120.64026,1,,606260B,河南路,6062600500050B,SW
03P0C0006A,南區-公有-國資圖P,1,新榮路入出口,24.12834,120.67079,1,0,,復興園路,,S
06P0C0002A,西屯區-公有-上安P  ,1,上安路,24.17117,120.63999,1,,604145B,上安路,6041450700040B,NW
27P0C0010A,太平區-公所-長安P,1,環太東路出入口,24.15272,120.72607,1,,,環太東路,,NE
06P0C0023A,西屯區-公有-福恩P,1,福恩停車場出入口,24.18246,120.61501,3,,,工業區一路,,W
07P0C0005A,南屯區-公有-文心森林公園附屬P,1,惠文路出入口,24.14641,120.6437,3,,607049B,惠文路,6070490000070B,N
05P0C0010A,北區-公有-金龍P,1,崇德路一段,24.15537,120.6862,1,,,崇德路,,NW
07P0C0013A,南屯區-公有-精科P,1,台中市南屯區精科八路出入口,24.14818,120.58967,3,,,精科八路,,SW
02P0C0004A,東區-公有-三賢P,1,東英十一街出入口,24.14415,120.71127,3,,,東英十一街,,NE
05P0C0012A,北區-公有-健行P,1,梅亭街,24.16047,120.67249,1,,,梅亭街,,E
17P0C0001A,潭子-公有-環中東路一段台74快速道路下P ,2,,,,,,,,,
09P0C0009A,豐原區-公有-葫蘆墩圳平面P7,2,,,,,,,,,
05P0C0015C,北區-公有-雙十國中地下停車場,1,進德北路,24.15274,120.69261,3,,607152B,進德北路,6071520400000B,S
06P0C0026A,西屯區-公有-櫻花P  ,1,西屯路二段208巷出入口,24.17005,120.6521,1,,,西屯路,,NE
05P0C0006A,北區-公有-忠明路臨時P,1,忠明路534巷,24.16365,120.67369,1,,,忠明路,,E
05P0C0008A,北區-公有-武昌P,2,,,,,,,,,
13P0C0004B,沙鹿區-公有-沙田立體P,1,沙田路出入口,24.23521,120.55907,1,,,沙田路,,N
07P0C0002A,南屯區-公有-大進P,1,台中市南屯區大墩五街188號,24.14184,120.65022,1,,,大墩五街,,E
06P0C0004A,西屯區-公有-大福P,1,長安路及中清路,24.17717,120.66721,1,,,中清路,,E
18P0C0004A,大雅區-公有-停六P,1,建興路出入口,24.21661,120.66606,3,,606556B,建興路,6065560000010B,N
09P0C0013A,豐原區-公有-廣兼停二P,1,中興路,24.24806,120.71463,1,,,中興路,,E
06P0C0014A,西屯區-公有-河南P  ,2,,,,,,,,,
08P0C0002A,北屯區-公有-(細廣停1)敦化P,2,,,,,,,,,
28P0C0002A,大里區-公有-德芳興P,1,永隆路出入口,24.1043,120.67776,3,,605461B,永隆路,6054610400030B,S
06P0C0028A,西屯區-公有-惠中停車場(A區),1,惠中路,24.16503,120.64669,1,,607038B,惠中路,6070380100000B,NE
12P0C0001A,清水區-公有-牛罵頭P,1,中山路出入口,24.27192,120.57668,3,300,,中山路,,S
06P0C0016A,西屯區-公有-國豐P,1,國安二路出入口,24.19237,120.6133,3,,,國安二路,,SE
03P0C0008A,南區-公有-復興P,1,復興路三段出入口,24.13177,120.67652,3,,,復興路,,NE
18P0C0005A,大雅區-公有-中清雅潭P,1,中清東路出入口,24.22112,120.6483,1,210,604689B,中清東路,6046890700040B,N
07P0C0007C,南屯區-公有-水安宮地下P,1,文心路一段517號,24.15357,120.64631,3,,604324B,大業路,6043240200110B,E
07P0C0015A,南屯區-公有-錢嶺P,1,精科五路出入口,24.15288,120.59651,1,,607573B,精科五路,6075730100010B,N
03P0C0011A,南區-公有-崇倫北街19巷停車場,1,崇倫北街19巷出入口,24.1336,120.65638,3,,,崇倫北街,,E
08P0C0003A,北屯區-公有-(細廣停1)景賢P,1,臺中市北屯區景賢路與思齊街路口,24.16703,120.73086,1,,605006B,太祥路,6050060400020B,S
03P0C0001A,南區-公有-大慶P,1,建國北路一段,24.12007,120.64907,1,,,建國北路,,SW
07P0C0008A,南屯區-公有-南屯P  ,2,,,,,,,,,
08P0C0015A,北屯區-公有-昌和公園附設P,1,昌平路二段出入口,24.1826,120.68801,3,,,昌平路,,S
04P0C0008A,西區-公有-林森P,2,,,,,,,,,
06P0C0032C,西屯區-公有-市政公園地下停車場,1,文心路二段,24.15913,120.64716,3,,,文心路,,SW
05P0C0019C,北區-獎參-中正公園地下停車場,1,學士路出入口,24.1573,120.68116,1,,607736B,學士路,6077360400060B,S
09P0C0018A,豐原區-公有-豐原區社會住宅預定地臨時停車場,2,,,,,,,,,
02P0C0003A,東區-公有-一心P,1,一心街出入口,24.13908,120.70213,1,,,一心街,,S
08P0C0019A,北屯區-公有-軍福P,1,松竹三路及軍福十八路交叉口,24.17825,120.71543,3,,,軍福十八路,,E
28P0C0006A,大里區-公有-國光公園P,2,,,,,,,,,
05P0C0016A,北區-公有-福音停車場,2,,,,,,,,,
03P0C0005A,南區-公有-健康公園附設P,1,五權南路出入口,24.12107,120.66994,3,,,五權南路,,N
09P0M0001A,豐原區-公有-橫街尾P,1,復興路,24.25049,120.7176,2,,,復興路,,E
17P0C0003B,潭子區-公有-潭興立體停車場,1,興華二路,24.21131,120.70423,1,,607792B,興華二路,6077920400010B,S
06P0C0008A,西屯區-公有-弘孝P  ,1,弘孝路出入口,24.17102,120.64902,1,,605304B,弘孝路,6053040500020B,SW
06P0C0030A,西屯區-公有-中央公園北側P,2,,,,,,,,,
03P0C0013A,南區-公有-工學六街停車場,1,工學六街,24.11408,120.6604,2,,,工學六街,,N
08P0C0025A,北屯區-公有-(廣兼停7)南興P,1,入口,24.18009,120.70903,1,,606664B,軍福十九路,6066640200050B,E
07P0C0003A,南屯區-公有-大新P  ,1,大墩十二街出入口,24.14991,120.65294,1,,,大墩十二街,,E
08P0C0014A,北屯區-公有-江興P,1,臺中市北屯區國強街205巷及國豐街口,24.16299,120.69619,1,,,國豐街,,W
09P0C0006A,豐原區-公有-葫蘆墩圳平面P4,2,,,,,,,,,
08P0C0018A,北屯區-公有-軍功P,2,,,,,,,,,
08P0C0021C,北屯區-公有-臺中市中央公園地下P,1,經貿路一段入口、經貿路一段出口,24.18004,120.6583,1,210,,經貿路,,S
27P0C0012A,太平區-公所-祥順運動公園P,1,宜昌路87巷,24.13631,120.7125,1,,,宜昌路,,S
06P0C0015A,西屯區-公有-馬龍潭P,2,,,,,,,,,
02P0C0008A,東區-公有-信心P,2,,,,,,,,,
07P0C0006A,南屯區-公有-文昌P,1,文昌街出入口,24.13842,120.63614,1,,,文昌街,,E
06P0C0009A,西屯區-公有-同心P  ,1,黎明路三段出入口,24.179,120.63749,1,,,黎明路,,E
05P0C0005A,北區-公有-育樂P,1,育樂街出入口,24.15755,120.6918,3,,,育樂街,,E
08P0C0024A,北屯區-公有-(細廣兼停2)長富P,1,入口,24.17677,120.7302,1,,,松竹路,,E
27P0C0009A,太平區-公有-育賢P,1,育賢路出入口及育才路出入口,24.15815,120.71903,1,,605887B,育賢路,6058870600010B,W
09P0C0008A,豐原區-公有-葫蘆墩圳平面P6,2,,,,,,,,,
03P0C0002A,南區-公有-南平P,2,,,,,,,,,
09P0C0014A,豐原區-公有-博愛重劃區P11,1,南陽路488巷,24.24981,120.7217,2,,,無名,,N
02P0C0007A,東區-公有-東英P,1,東英八街,24.14157,120.70216,1,,,東英八街,,E
03P0M0001A,南區-公有-建國北P,1,台中市建國北路,24.12111,120.65087,1,,606533B,建國北路,6065330100020B,NE
05P0C0013A,北區-公有-新興P,1,精武路入口、精武路出口,24.14639,120.6848,3,,,精武路,,E
27P0C0007A,太平區-公有-長億P,1,台中市太平區長億里長義一街與長億路交叉口,24.1197,120.72128,1,,606347B,長億路,6063470100000B,NE
18P0C0001B,大雅區-公有-停一立體P,2,,,,,,,,,
04P0C0003B,西區-公有-大益立體P,1,精誠二十三街,24.14622,120.65659,1,,,精誠二十三街,,W
28P0C0016C,大里區-公有-國立興大附中地下P,1,益民路二段,24.10875,120.68382,1,,606728B,益民路,6067280000050B,N
10P0C0005B,東勢區-公所-綜合立體P,1,第三橫街,24.25571,120.8284,1,,,第三橫街,,W
24P0C0006C,大肚區-公所-大肚地下P,1,自治路,24.15171,120.54617,1,,,自治路,,E
09P0C0011A,豐原區-公有-葫蘆墩圳平面P9,2,,,,,,,,,
07P0C0018B,南屯區-公有-正心立體停車場,1,文心南二路,24.1359,120.64909,1,,,文心南二路,,W
06P0C0012A,西屯區-公有-忠義P  ,1,甘肅路一段出入口,24.16781,120.65751,1,,605510B,甘肅路,6055100300000B,SE
28P0C0017B,大里區-公有-東榮立體P,2,,,,,,,,,
08P0C0020A,北屯區-公有-雷中P,1,雷中街47巷,24.18272,120.66878,3,,,雷中街,,W
03P0C0003A,南區-公有-城隍P,1,建成路出入口,24.1273,120.67957,3,,,建成路,,SW
08P0C0004A,北屯區-公有-(細廣停2)中平P,1,臺中市北屯區敦化路二段719號,24.18529,120.66364,1,,,敦化路,,NE
28P0C0010A,大里區-公有-仁堤P,1,仁提二街出入口,24.09873,120.69959,3,,,仁堤二街,,NW
04P0C0007A,西區-公有-吉龍P,1,美村路一段,24.13236,120.6618,1,,606628B,美村路,6066280000080B,N
05P0C0014C,北區-公有-臺中公園地下P  ,2,,,,,,,,,
27P0C0002B,太平區-公有-中興立體P,1,永平路一段,24.13067,120.72064,1,,605409B,永平路,6054090200010B,SE
28P0C0008A,大里區-公有-國光花市P,1,德芳南路出入口,24.10385,120.68363,3,,,德芳南路,,SE
04P0C0004A,西區-公有-平和P,1,柳川西路二段,24.14073,120.67222,1,,,柳川西路,,W
04P0C0016C,西區-公有-忠明公園地下停車場,1,美村路52巷跟中美街交叉口,24.15379,120.66011,1,1.9,,美村路,,SE
08P0C0001A,北屯區-公有-(公49)新平公園附屬P,1,臺中市北屯區中平路783號,24.18593,120.66295,1,,604610B,中平路,6046100000050B,NW
06P0C0017A,西屯區-公有-細停二P,2,,,,,,,,,
06P0C0003A,西屯區-公有-下石碑P,1,順平路出入口,24.17669,120.66309,3,,607180B,順平路,6071800400020B,S
08P0C0010A,北屯區-公有-仁德P,1,昌平東三路,24.19045,120.68759,1,,606015B,昌平東二路,6060150000010B,N
28P0C0005A,大里區-公有-鳥竹圍公園P,2,,,,,,,,,
05P0C0018A,北區-公有-永興停車場,2,,,,,,,,,
08P0C0023A,北屯區-公有-(細廣停2)太和P,1,太和路二段出入口,24.16333,120.72522,1,,604984B,太和路,6049840000010B,N
05P0C0003A,北區-公有-中德P,1,太原五街,24.16587,120.66936,1,,,太原五街,,E
18P0C0002A,大雅區-公有-三和公園附屬P,1,龍善二街193巷出入口,24.21244,120.66524,1,300,,龍[善]二街,,N
27P0C0001A,太平區-公有-坪林森林附屬P,1,台中市太平區中山路2段401號,24.14866,120.73304,1,,,null,,S
07P0C0017A,南屯區-公有-豐樂P,1,豐偉路,24.1297,120.6445,1,,,豐偉路,,S
05P0C0004A,北區-公有-育強P,1,育樂街入口、育樂街出口,24.1574,120.69208,3,,,育樂街,,E
04P0C0014A,西區-公有-藍興P,1,大全街入口、大全街出口,24.1337,120.66881,3,,,大全街,,NE
04P0C0013A,西區-公有-廣民P,1,大明街,24.13917,120.67364,1,,,大明街,,NE
09P0C0004B,豐原區-公有-育英路立體P,1,育英路154巷入口、育英路154巷出口,24.24067,120.7147,3,,,育英路,,W
04P0C0010A,西區-公有-美村P,2,,,,,,,,,
06P0C0020A,西屯區-公有-朝馬P  ,1,青海南街,24.1729,120.6359,1,,,青海南街,,NW
03P0C0004C,南區-公有-健康公園地下P,1,忠明南路出入口,24.1192,120.66736,3,,,忠明南路,,W
07P0C0016A,南屯區-公有-豐功P,2,,,,,,,,,
08P0C0013C,北屯區-公有-民俗公園地下P,1,旅順路出入口,24.17436,120.68747,1,,606704B,旅順路,6067040600000B,W
27P0C0005A,太平區-公有-新光廣兼停四P,1,台中市太平區大源18街與環太東路旁,24.14239,120.72272,1,,,大源十八街,,W
08P0C0005A,北屯區-公有-(廣停66)新平P,1,自小客車計時方案,24.18508,120.66105,1,,,敦化路,,W
08P0C0026A,北屯區-公有-(廣兼停8)竹興P,1,入口,24.17588,120.7086,1,,606493B,南興東路,6064930400030B,S
28P0C0001C,大里區-公有-大里運動公園地下P,2,,,,,,,,,
08P0C0011A,北屯區-公有-天津P,2,,,,,,,,,
08P0C0017A,北屯區-公有-松榮P,1,松竹路及松竹二路口,24.182,120.7177,3,,606233B,松竹路,6062330200070B,E
28P0C0015A,大里區-公有-崇光P,1,西榮路出入口,24.11466,120.68617,3,,605805B,西榮路,6058050000010B,N
08P0C0028A,北屯區-公有-平德停車場,1,平德路100號旁,24.18443,120.67053,3,,605291B,平德路,6052910300010B,SE
28P0C0003A,大里區-公有-仁興P,1,國光路出入口,24.11645,120.6797,3,,606812B,國光路,6068120000000B,N
08P0C0012A,北屯區-公有-天祥P,1,天祥路,24.1614,120.69498,1,,,天祥街,,N
06P0C0021A,西屯區-公有-朝富P,1,市政北六路,24.16519,120.63871,1,,,市政北六路,,SE
02P0C0006A,東區-公有-旱溪P,1,旱溪街出入口,24.14088,120.70994,3,,605840B,旱溪街,6058400600070B,W
06P0C0024A,西屯區-公有-福順P  ,2,,,,,,,,,
07P0C0001A,南屯區-公有-三塊厝P,1,大墩十一街出入口(二處),24.14814,120.63258,3,,,大墩十一街,,E
06P0C0005A,西屯區-公有-大墩P,1,大墩P停車場出入口,24.15676,120.64784,1,,,大容東街,,NE
17P0C0002C,潭子-公有-國民暨兒童運動中心(B2層)停車場,1,勝利路出入口,24.20969,120.70102,3,,606977B,勝利路,6069770400030B,S
09P0C0015A,豐原區-公有-博愛重劃區P3、5,1,博愛街43巷,24.25108,120.72152,1,,,博愛街,,SW
27P0C0008A,太平區-公有-平安廣場P,1,台中市太平區平安里太平十街與中平九街口,24.12183,120.72137,1,,,中平九街,,NW
06P0C0025A,西屯區-公有-銀聯三村P,2,,,,,,,,,
05P0C0011A,北區-公有-建成P,1,東光路出入口,24.15524,120.69903,1,,,東光路,,N
28P0C0012A,大里區-公有-廣兼停五P   ,1,德芳南路出入口,24.10093,120.68967,1,,,德芳南路,,SE
02P0M0001A,東區-公有-大智北機車P,1,臺中市東區新庄里大智北路與復興路交叉口,24.13665,120.68788,3,,,大智北路,,S
09P0C0005A,豐原區-公有-葫蘆墩圳平面P3,2,,,,,,,,,
06P0C0018B,西屯區-公有-惠來立體P,2,,,,,,,,,
06P0C0022A,西屯區-公有-福安P,1,福安停車場出入口,24.18596,120.61604,3,,,福科路,,SE
03P0C0009A,南區-公有-德義P,1,有恆街出入口,24.12813,120.67712,3,,,有恆街,,NW
04P0C0001A,西區-公有-(細停178)自立P,1,自立街出入口,24.13949,120.6717,1,,,自立街,,NW
04P0C0012C,西區-公有-萬壽棒球場附屬地下P,2,,,,,,,,,
18P0C0003A,大雅區-公有-停四P,1,神林南路146巷口,24.22534,120.65613,1,,,神林南路,,SW
07P0C0014A,南屯區-公有-黎明P,1,干城街,24.15193,120.63041,1,,,干城街,,W
11P0C0001A,大甲區-公有-文武P,1,入口,24.34555,120.6265,1,,605099B,文武路,6050990700070B,W
28P0C0004A,大里區-公有-大新P,2,,,,,,,,,
06P0C0010A,西屯區-公有-何厝P,1,何厝停車場四川路出入口,24.16273,120.65343,3,,605237B,四川路,6052370700000B,NW
06P0C0029A,西屯區-公有-惠中停車場(B區),1,惠中路,24.16532,120.64679,1,,,惠中路,,SW
08P0C0022A,北屯區-公有-(廣兼停5)祥和P,1,入口,24.16529,120.7325,1,,606525B,建和路,6065250500020B,SW
11P0C0003A,大甲區-公有-經國路P,1,台中市大甲區經國路888號台電旁,24.35579,120.62028,3,,607358B,經國路,6073580100060B,NE
09P0C0007A,豐原區-公有-葫蘆墩圳平面P5,2,,,,,,,,,
03P0C0010A,南區-公有-樹德P,1,德吉街出入口,24.11845,120.6541,3,,,德吉街,,SE
05P0C0009A,北區-公有-金華P,1,興進路,24.15577,120.69154,1,,607794B,興進路,6077940200010B,E
02P0C0005B,東區-公有-干城立體P,2,,,,,,,,,
03P0C0007A,南區-公有-崇倫公園附設P,1,南屯路出入口,24.13365,120.65824,1,,,南屯路,,W
27P0C0006A,太平區-公有-新光廣停八P,1,台中市太平區育賢路與立功路口,24.1589,120.71544,1,,607291B,新興路,6072910600040B,W
07P0C0009A,南屯區-公有-春安P,1,春安三街,24.13571,120.60752,1,,,春安三街,,E
28P0C0007A,大里區-公有-公六公園P,1,永隆六街出入口,24.11274,120.6734,3,,,永隆六街,,E
07P0C0011A,南屯區-公有-惠文P,2,,,,,,,,,
06P0C0011A,西屯區-公有-協和P  ,2,,,,,,,,,
27P0C0004A,太平區-公有-新光廣兼停一P,1,太興路出入口,24.16245,120.7072,1,,,太興路,,E
09P0C0003A,豐原區-公有-田心路平面P,1,田心路二段267南巷出入口,24.23645,120.72319,1,,,田心路,,NE
05P0C0002A,北區-公有-中賓P,2,,,,,,,,,
07P0C0004C,南屯區-公有-大墩國中地下P,1,河南路四段出入口,24.1452,120.63911,3,,606261B,河南路,6062610000070B,N
26P0C0001C,霧峰區-公所-本堂公園地下P,1,成功路出入口,24.05954,120.69952,1,,,成功路,,S
06P0C0019A,西屯區-公有-惠順P,2,,,,,,,,,
06P0C0031A,西屯區-公有-中央公園南側P,2,,,,,,,,,
09P0C0002A,豐原區-公有-中陽路平面P,1,中陽路出入口,24.24925,120.7363,1,,604714B,中陽路,6047140200040B,NE
06P0C0001B,西屯區-公有-(停71)漢口立體P,2,,,,,,,,,
08P0C0006A,北屯區-公有-三光P,1,北屯路出入口,24.16859,120.69645,3,,605172B,北屯路,6051720400050B,SW
28P0C0011A,大里區-公有-立新社區P,1,甲堤三街,24.1064,120.69742,3,,,甲堤三街,,E
05P0C0007A,北區-公有-東欣P,1,柳川西路四段出入口,24.15339,120.6791,3,,606582B,柳川西路,6065820100020B,N
08P0C0027A,北屯區-公有-(廣停5)同榮P,1,新興路191巷出入口,24.1986,120.6645,1,,,新興路,,NW
02P0C0009B,東區-公有-南京立體P,1,南京路出入口,24.14012,120.6906,1,,606454B,南京路,6064540200010B,E
47940406,林默娘停車場,2,,,,,,,,,
85744208,崇善路龍山停車場,2,,,,,,,,,
88909858,復興停車場,1,復興路出入口,22.99876,120.24442,1,,,,,
85766482-2,南科西側停車場,2,,,,,,,,,
47940378,水景停車場,1,水景出入口,22.99944,120.15813,1,,,,,
47847561,新營綠都心停車場,1,中正路出入口,23.30975,120.31607,1,,,,,
81290486,長榮崇明停車場,1,長榮路出入口,22.9826,120.21621,1,,,,,
47862936,公園南路停車場,1,海安路出入口,23.00235,120.2004,1,,,,,
40814707,東光路地下停車場,1,東光路出入口,22.99233,120.22912,1,,,,,
89022098,新市富中停車場,1,富中街出入口,23.08307,120.29348,1,,,,,
97100722,臺南航空站旅客停車場,1,機場路出入口,22.94756,120.21636,1,,,,,
47931027,北安停車場,1,北安路一段出入口,23.01725,120.20898,1,,,,,
54555420,海安地下停車場,1,民生路出入口,22.995,120.1964,1,,,,,
88908324,目加溜灣橋下停車場,1,目加溜灣大道與善新西路交叉路口,23.11994,120.30459,1,,,,,
81401856,裕文停車場,1,裕文路出入口,22.98222,120.24578,1,,,,,
81339426,泉南里停車場,1,府前路出入口,22.98301,120.21601,1,,,,,
85585519,永福停車場,1,健康路出入口,22.98132,120.18956,1,,,,,
88908318,臺鐵南科車站西側(第二區)停車場,2,,,,,,,,,
81401820,華平二停車場,1,華平路出入口,22.99407,120.17547,1,,,,,
37709940,五都停車場高鐵台南二站,1,高鐵一路出入口,22.92227,120.28284,1,,,,,
81290514,東橋八街停車場,1,東橋八街出入口,23.02071,120.23356,1,,,,,
47911795,崇明E37停車場,1,崇明五街出口,22.97996,120.21731,1,,,,,
81319364,水交社停車場,1,興昌路53巷出入口,22.97607,120.19894,1,,,,,
81401841,立德停車場,1,立德街出入口,24.13358,120.68708,1,,,,,
89038628,友愛街機車停車場,1,友愛街出入口,22.99101,120.20587,1,,,,,
81386285,永康大橋後站停車場,1,中華路893巷口,23.01916,120.22387,1,,,,,
81946029,兵仔市停車場,1,中華出入口,23.00395,120.22474,1,,,,,
47940399-2,港濱停車場 (第二區),1,港濱出入口,22.99486,120.16338,1,,,,,
81290471,民生路停車場,1,民權路出入口,22.99892,120.18781,1,,,,,
85567580,興濟二站停車場,1,成功路出入口,22.99748,120.20519,1,,,,,
81496017,五都停車場台南車寶貝站,2,,,,,,,,,
10740980,建業停車場,1,建業街出入口,22.98786,120.20556,1,,,,,
89021751,台南府連停車場,1,大同路一段出入口,22.98394,120.21198,1,,,,,
47862942,西門育賢停車場,1,西門路出入口,23.01533,120.20931,1,,,,,
88915991,善化中正停車場,1,光明出入口,23.13054,120.29167,1,,,,,
47911818,和平公園停車場,1,文化路出口,22.9777,120.23221,1,,,,,
81613227,台南健康停車場,1,健康路出入口,22.98207,120.19223,1,,,,,
47847561-A,大宏社區停車場,1,中正路出入口,23.30795,120.31712,1,,,,,
47927760,關聖里停車場,3,裕強街出入口,22.98561,120.24068,1,,,,,
40856918,廣二機車停車場,2,,,,,,,,,
47927776,台南南一停車場,1,民族路一段出入口,22.99384,120.21553,1,,,,,
89050713,平實公園地下停車場,1,平實路出入口,22.99275,120.2364,1,,,,,
88864091,成大勝利停車場,1,長榮入出入口,22.99283,120.22126,1,,,,,
47940383,億載停車場,2,,,,,,,,,
47939674,大學路(社E2)停車場,3,大學路(社E2)機車出入口,22.99562,120.21651,1,,,,,
47885804,萬昌停車場,1,萬昌街出入口,22.99111,120.21053,1,,,,,
85766716-2,富安三街停車場,2,,,,,,,,,
37695615,五都停車場高鐵台南站,3,機車出入口,22.92632,120.28331,1,,,,,
85766716-1,富中街停車場,2,,,,,,,,,
47885810,環河停車場,3,環河街出入口,22.99314,120.19213,1,,,,,
47911839,德光公園停車場,1,崇德路出口,22.98029,120.21965,1,,,,,
89049982,台南會展中心停車場,1,歸仁18路出入口,22.92013,120.28639,1,,,,,
47931011,西華停車場,1,西華街出入口,22.99964,120.21074,1,,,,,
81320382,大學路社E1停車場,1,大學路出入口,22.99613,120.21574,1,,,,,
37621369,高鐵橋下台南停車場,2,,,,,,,,,
88908204,LM陽光電城停車場,1,龍目井路北側,23.10965,120.30657,1,,,,,
85766482-1,南科東側停車場,2,,,,,,,,,
88909843,復華一街停車場,1,復華一街出入口,23.00533,120.24504,1,,,,,
89050734,大道停6停車場,1,北門路出入口,23.00947,120.21571,1,,,,,
89050740,北園公兒停車場,1,北園街114巷出入口,23.01315,120.22463,1,,,,,
81305474,永福路停車場,1,永福路出入口,22.98965,120.20012,1,,,,,
47940399-1,港濱停車場 (第一區),2,,,,,,,,,
47882362,榮譽街停車場,1,榮譽街127巷出入口,22.97628,120.21911,1,,,,,
89050973,中華路58巷停車場,1,中華路58巷出入口,23.00241,120.23734,1,,,,,
89050848,運河星鑽停車場,1,金華新路出入口,22.99447,120.18851,1,,,,,
81305489,民族路停車場,2,,,,,,,,,
47941279,永華停車場,2,,,,,,,,,
096,石牌國小地下停車場,1,石牌國小地下停車場,25.11461,121.51312,255,2.0999999046325684,,,,
097,海光公園地下停車場,1,葫蘆街,25.08081,121.50858,255,2,,,,
025,古亭國中地下停車場,1,古亭國中地下停車場,25.02442,121.51055,1,1.899999976158142,,,,
119,大龍國小地下停車場,1,哈密街45巷,25.07409,121.5173,255,2.0999999046325684,,,,
043,興中立體停車場,1,興中路44巷,25.05599,121.60617,255,1.899999976158142,,,,
041,忠信地下停車場,1,忠信地下停車場,25.04041,121.56778,1,1.7999999523162842,,,,
042,建成國中地下停車場,1,南京西路18巷28弄,25.05083,121.51966,255,1.7999999523162842,,,,
120,世貿公園地下停車場,1,世貿公園地下停車場,25.05791,121.61541,1,2.0999999046325684,,,,
007,萬華國中地下停車場,1,西藏路,25.02954,121.49954,255,2.0999999046325684,,,,
032,西松高中地下停車場,1,西松高中地下停車場,25.05581,121.56588,1,1.7999999523162842,,,,
027,景華公園地下停車場,1,景華公園地下停車場,24.99526,121.54378,1,1.899999976158142,,,,
023,民權公園地下停車場,1,民權東路四段,25.06214,121.55877,255,1.7999999523162842,,,,
100,臺北榮民總醫院地面停車場,1,七星公園地下停車場,25.13673,121.50209,255,2.5999999046325684,,,,
075,中崙高中地下停車場,1,中崙高中地下停車場,25.05001,121.56116,1,2.0999999046325684,,,,
089,春光公園地下停車場,1,林口街,25.04241,121.58105,255,1.7999999523162842,,,,
105,玉成國小地下停車場,1,昆陽街,25.05312,121.59256,255,10000,,,,
124,社子國小地下停車場,1,社子國小地下停車場,25.09097,121.50256,1,2.0999999046325684,,,,
002,松壽廣場地下停車場,1,松壽廣場地下停車場,25.03714,121.56628,1,1.7999999523162842,,,,
069,青年公園棒球場地下停車場,1,青年公園棒球場地下停車場,25.02354,121.50327,1,1.7999999523162842,,,,
048,信義廣場地下停車場,1,信義廣場地下停車場,25.03314,121.56581,1,1.7000000476837158,,,,
079,僑安地下停車場,1,忠孝東路四段,25.04063,121.55665,255,2.200000047683716,,,,
022,五分埔公園地下停車場,1,五分埔公園地下停車場,25.04662,121.58044,1,1.7999999523162842,,,,
020,百齡高中地下停車場,1,百齡高中地下停車場,25.08615,121.52399,1,1.7999999523162842,,,,
372,八德立體停車場,1,八德立體停車場,25.04971,121.57171,1,2.0999999046325684,,,,
080,龍門國中地下停車場,1,龍門國中地下停車場,25.02349,121.53862,1,1.899999976158142,,,,
165,玉成公園地下停車場,1,成福路,25.04223,121.58716,255,2.0999999046325684,,,,
001,府前廣場地下停車場,1,松壽路,25.03601,121.56316,255,1.7999999523162842,,,,
034,辛亥國小地下停車場,1,辛亥國小地下停車場,25.00627,121.55862,1,1.7999999523162842,,,,
059,市民大道(林金段),1,林金段,25.0466,121.52789,255,1.7999999523162842,,,,
056,大安森林公園地下停車場,1,信義路三段,25.03342,121.53574,255,2.0999999046325684,,,,
114,景美國小地下停車場,1,景美國小地下停車場,24.98869,121.54027,1,2.0999999046325684,,,,
128,萬興國小地下停車場,1,萬興國小地下停車場,24.9895,121.57685,255,2.0999999046325684,,,,
093,建成公園地下停車場,1,建成公園地下停車場,25.05398,121.51838,1,1.7999999523162842,,,,
106,蓬萊國小地下停車場,1,蓬萊國小地下停車場,25.05655,121.51626,1,2.0999999046325684,,,,
109,湖興立體停車場,1,,25.06755,121.59033,255,2,,,,
073,林森公園地下停車場,1,林森公園地下停車場,25.05244,121.52597,1,2.0999999046325684,,,,
082,永盛公園地下停車場,1,永盛公園地下停車場,25.05916,121.52469,1,2.4000000953674316,,,,
044,青年公園高爾夫球場地下停車場,1,青年公園高爾夫球場地下停車場,25.02377,121.50778,1,2,,,,
053,民生立體停車場,1,民生東路五段,25.05847,121.55945,255,1.7999999523162842,,,,
113,興隆公園地下停車場,1,仙岩路,25.00067,121.55118,255,2.0999999046325684,,,,
090,萬板地下停車場,1,萬板地下停車場,25.02863,121.49126,1,2.0999999046325684,,,,
005,立農公園地下停車場,1,承德路七段,25.11813,121.50299,255,1.7999999523162842,,,,
040,健康國小地下停車場,1,健康國小地下停車場,25.05653,121.56235,1,2.0999999046325684,,,,
029,東湖國小地下停車場,1,東湖路,25.06839,121.61599,255,1.7999999523162842,,,,
195,新糖廍公園地下停車場,1,新糖廍公園地下停車場,25.03363,121.49454,1,2.0999999046325684,,,,
098,港富立體停車場,1,港墘路,25.08061,121.57833,255,2,,,,
052,民生社區活動中心地下停車場,1,民生東路五段137巷4弄,25.0598,121.56263,255,1.7000000476837158,,,,
003,臺北市災害應變中心地下停車場,1,臺北市災害應變中心地下停車場,25.02873,121.56611,255,2.0999999046325684,,,,
188,松山車站地下停車場,1,松隆路,25.04811,121.57841,255,2.700000047683716,,,,
071,朝陽公園地下停車場,1,重慶北路二段,25.05613,121.5137,255,1.7999999523162842,,,,
028,松山高中地下停車場,1,松山高中地下停車場,25.04407,121.56407,1,1.7999999523162842,,,,
055,市民大道(塔城段),1,市民大道(塔城段),25.0505,121.50982,255,1.7999999523162842,,,,
039,社園立體停車場,1,延平北路六段,25.08957,121.50607,255,1.5,,,,
099,長安國小地下停車場,1,長安國小地下停車場,25.04958,121.53033,1,2.0999999046325684,,,,
058,市民大道(中林段),1,市民大道(中林段),25.0479,121.52273,1,1.7999999523162842,,,,
057,市民大道(公中段),1,市民大道(公中段),25.04833,121.5192,1,1.7999999523162842,,,,
084,麗湖國小地下停車場,1,麗湖國小地下停車場,25.0731,121.60157,1,2.200000047683716,,,,
229,歐特儀股份有限公司捷運石牌站轉乘停車場,1,嘉興公園地下停車場,25.02146,121.55204,1,2.0999999046325684,,,,
072,福林公園地下停車場,1,中正路,25.09616,121.53019,255,2.0999999046325684,,,,
092,濱江國中地下停車場,1,濱江國中地下停車場,25.07949,121.56163,1,2,,,,
085,臺北花木批發市場地下停車場,1,臺北花木批發市場地下停車場,25.00547,121.53968,255,1.7999999523162842,,,,
074,偶戲博物館地下停車場,1,市民大道五段,25.04702,121.56191,255,10000,,,,
249,啟聰學校地下停車場,1,啟聰學校地下停車場,25.07464,121.51203,1,1.7999999523162842,,,,
018,洛陽綜合立體停車場,1,環河快速道路(市民大道 三重),25.04763,121.50524,255,1.7999999523162842,,,,
060,台北時代寓所地下平面停車場,1,建復段,25.04469,121.5406,255,10000,,,,
054,北寧路地下停車場,1,北寧路,25.04924,121.55224,255,1.649999976158142,,,,
019,塔城公園地下停車場,1,塔城街,25.05088,121.51059,255,1.899999976158142,,,,
021,前港公園地下停車場,1,前港公園地下停車場,25.08537,121.52028,1,1.899999976158142,,,,
066,揚雅立體停車場,1,大龍街,25.06758,121.51585,255,10000,,,,
187,松山工農地下停車場,1,松山工農地下停車場,25.03958,121.57229,1,2.0999999046325684,,,,
102,承德公園地下停車場,1,基河路,25.08992,121.52252,255,2.0999999046325684,,,,
015,峨眉立體停車場,1,昆明街,25.04455,121.50561,255,2,,,,
014,興雅國中地下停車場,1,松德路200巷,25.03479,121.57282,255,1.899999976158142,,,,
037,大安高工地下停車場,1,大安高工地下停車場,25.03263,121.54185,1,1.7999999523162842,,,,
038,成德立體停車場,1,成福路,25.04574,121.58607,255,1.5499999523162842,,,,
035,成淵高中地下停車場,1,承德路二段,25.06041,121.52012,255,1.7999999523162842,,,,
129,西康地下停車場,1,西康地下停車場,25.08472,121.56375,1,2.0999999046325684,,,,
036,大豐公園地下停車場,1,大興街,25.13115,121.50434,255,1.7999999523162842,,,,
111,蘭雅公園地下停車場,1,蘭雅公園地下停車場,25.10976,121.52895,1,1.899999976158142,,,,
031,附中公園地下停車場,1,復興南路一段340巷,25.03618,121.54231,255,1.7999999523162842,,,,
033,進安公園地下停車場,1,八德路二段,25.04613,121.53771,255,1.7999999523162842,,,,
070,榮星花園地下停車場,1,五常街,25.06426,121.53961,255,2.0999999046325684,,,,
078,洲子立體停車場,1,洲子街,25.07971,121.56937,255,2.4000000953674316,,,,
103,南港國小地下停車場,1,南港國小地下停車場,25.05712,121.61109,1,2.0999999046325684,,,,
049,大業立體停車場,1,大業路,25.1376,121.50308,255,2,,,,
107,信義國小地下停車場,1,松勤街,25.03211,121.56247,255,2.0999999046325684,,,,
068,文昌國小地下停車場,1,文林路615巷,25.0994,121.52119,255,2.0999999046325684,,,,
193,松山國小地下停車場,1,松山國小地下停車場,25.05051,121.57819,1,2.0999999046325684,,,,
016,中山堂地下停車場,1,武昌街一段,25.04416,121.51069,255,1.7000000476837158,,,,
088,三張里地下停車場,1,松平路,25.03052,121.56685,255,1.7999999523162842,,,,
062,忠孝玉成停車場,1,復敦段,25.045,121.54747,255,10000,,,,
087,民有市場地下停車場,1,民權東路三段140巷,25.06089,121.54676,255,10000,,,,
086,振興公園地下停車場,1,振興公園地下停車場,25.11859,121.52352,1,1.7999999523162842,,,,
030,大稻埕公園地下停車場,1,歸綏街,25.05834,121.51032,255,1.7999999523162842,,,,
067,雙園國中地下停車場,1,雙園國中地下停車場,25.02772,121.49165,1,1.7999999523162842,,,,
024,金華公園地下停車場,1,青田街,25.02966,121.53164,255,1.899999976158142,,,,
081,康樂立體停車場,1,康樂街136巷,25.07193,121.6191,255,2,,,,
TTT010,台東火車站四處路外停車場(A區),1,新站路北側出入口,22.79496,121.12426,1,0,,新站路,,E
TTT016,長濱鄉壹號停車場,1,出入口,23.317,121.45425,1,,,無名,,NW
TTT019,台東新生地下停車場,1,新生路,22.75288,121.14776,3,,,新生路,,SE
AO010001,西門地下停車場,1,育樂街出入口,24.99317,121.30454,1,210,,四維街,,W
AO060007,大興平面停車場,1,金城街,24.91157,121.20924,1,,,金城街,,W
AO020022,龍岡停車場,1,龍文三街,24.93028,121.25302,1,,,無名,,NW
AO100005,大園區停四停車場,2,,,,,,,,,
AO100006,大園區停五停車場,2,,,,,,,,,
AO030007,中興里停車場,1,萬壽路二段,24.99382,121.33093,1,,,無名,,W
AO070018,永豐路停車場,1,永豐路出入口,24.97453,121.27364,1,,,永豐路,,SW
AO020037,中壢殯葬園區停車場,1,培英路入口,24.97615,121.2251,1,,,培英路,,N
AO010024,新民立體停車場,1,民權路32號,24.9928,121.31107,1,,,民權路,,N
AO010022,孔廟停車場,1,公園路42號出入口,25.00171,121.32716,1,,,公園路,,NE
AO030006,善捷段停車場,1,文學路,25.04003,121.38998,1,,638401H,文學路,6384010700010H,NW
AO060006,新榮平面停車場,2,,,,,,,,,
AO020038,中壢區五福停車場,1,中正路出入口,24.95972,121.21048,1,,,中正路,,SE
AO020013,青昇停車場,1,青昇路,25.01538,121.21966,1,,636788H,青峰路,6367880100010H,NE
AO020010,坤慶公園地下停車場,2,,,,,,,,,
AO050004,舊鄉代停車場,1,中正路,24.86398,121.21674,1,450,,無名,,W
AO010016,桃園新站停車場,1,桃園市大林路,24.98775,121.31454,1,,,大林路,,W
AO020015,站前西停車場,1,青園路,25.00961,121.21621,1,,636792H,青園路,6367920100010H,NE
AO020004,中壢復華站,2,,,,,,,,,
AO080017,  五福公園停車場 ,1,文化街出入口,24.90995,121.18421,1,,,無名,,N
AO080001,新成立體停車場,2,,,,,,,,,
AO090003,僑愛停車場,1,僑愛一街,24.92164,121.29397,1,,,僑愛一街,,NW
AO040005,大竹圍平面停車場,1,博愛街與明德街交叉口,25.02388,121.26158,1,,,博愛街,,NW
AO020024,龍平停車場,1,龍平六街,24.93146,121.2574,1,,,龍平六街,,NE
AO060005,大連平面停車場,2,,,,,,,,,
AO020012,正光二街停車場,1,正光二街,24.95944,121.20543,1,,,正光二街,,S
AO040007,南崁廣停二平面停車場,1,山鼻路路口,25.08131,121.28648,1,,,無名,,S
AO020008,銀河廣場地下停車場,2,,,,,,,,,
AO090001,長興停車場,2,,,,,,,,,
AO080011,瑞溪停車場,1,瑞溪路一段,24.90724,121.16715,1,,,瑞溪路,,NW
AO080018,楊梅區台66橋下停車場,1,電沿路入口,24.95593,121.1665,2,,,電研路,,NW
AO010007,龍安二停車場,1,國強一街,24.99047,121.27817,1,,,國強一街,,E
AO020026,雙嶺停車場,1,松勇三街出入口,24.96098,121.1636,1,,,松勇三街,,SE
AO010009,吉安停車場,2,,,,,,,,,
AO010017,桃園藝文園區地下停車場,2,,,,,,,,,
AO020021,興仁公園停車場,1,興安一街2號,24.96634,121.26366,1,,,興安一街,,W
AO040004,大新平面停車場,1,新福路與大新一街交叉口,25.02435,121.2567,1,,,新福街,,W
AO030008,龜山龍華停車場,1,忠義路,25.016,121.39966,1,,,工興街,,N
AO010002,小檜溪停車場,1,朝陽路出入口,25.00477,121.31102,1,,,朝陽街,,S
AO060004,上海平面停車場,2,,,,,,,,,
AO080003,金山停車場,1,金山街,24.91041,121.16096,1,,,金山街,,SW
AO030005,文德公園停車場,3,文德二路,25.05446,121.38249,1,,,文德二路,,N
AO080005,永福停車場,1,校前路324巷42號旁,24.89907,121.1504,1,,,校前路,,W
AO030003,停四停車場,1,明成街36巷,24.99141,121.34505,1,,,明成街,,SE
AO020001,中壢忠孝黃昏市場站,1,忠孝路,24.98237,121.25343,1,,636477H,忠孝路,6364770700000H,NW
AO020031,青商公有停車場,2,,,,,,,,,
AO070005,大和段停車場,1,文昌街72號,24.95549,121.2942,1,,,文昌街,,S
AO010027,中路停一停車場,1,正光路口與吉安街口,25.00684,121.29019,1,,,永安路,,SW
AO010020,假日花市停車場,1,壽山路出入口,24.99595,121.32553,1,,,壽山路,,W
AO010033,桃園文昌公園地下停車場,1,民族路出入口、民權路出入口,24.99274,121.3107,1,210,,民權路,,S
AO060011,中正公有停車場,1,324桃園市中壢區中正一路2-24號,24.92641,121.25381,3,,,中正一路,,E
AO010006,龍安一停車場,1,國豐一街,24.99125,121.281,1,,,國豐一街,,SE
AO120001,觀音建國停車場,1,建國路入口,25.05005,121.1201,1,,636929H,建國路,6369290200010H,NE
AO100003,大園區廣停二停車場,1,大園區園航路及南區中路交叉口,25.05343,121.17473,2,,636902H,南園中路,6369020400010H,S
AO010034,桃園復興停車場,1,復興路出入口,24.99041,121.30348,1,,,復興路,,NW
AO020025,新明國小地下停車場,1,明德路出入口,24.96114,121.21697,1,200,,明德路,,S
AO020006,中壢莊敬站,1,莊敬路,24.97166,121.2572,1,,,莊敬路,,NW
AO070017,明光街停車場,1,明光街出入口,24.98267,121.2797,1,,,明光街,,SW
AO020009,廣停一停車場,1,九和六街,24.96493,121.22483,1,,,九和六街,,W
AO010023,虎頭山停車場,1,公園路出入口,25.00253,121.32639,1,,,三聖路,,W
AO010003,水汴頭平面停車場,1,經國一路出入口,25.02916,121.2992,1,,,經國一路,,S
AO070001,大忠地下停車場,2,,,,,,,,,
AO060010,忠貞三公有停車場,1,忠貞路出入口,24.92884,121.25586,1,,636491H,忠貞路,6364910500010H,SW
AO020029,文康停車場,2,,,,,,,,,
AO080007,民族公園停車場,1,民族路201巷,24.95771,121.17181,1,,,無名,,SW
AO050001,東龍停車場,2,,,,,,,,,
AO100007,大園區停六停車場,2,,,,,,,,,
AO010011,陽明公園停車場,1,長沙路與介壽路交叉口,24.98259,121.30917,1,,,長沙街,,NW
AO020011,南園停車場,1,南園二路,24.97148,121.22851,1,,,南園二路,,E
AO010015,宏昌六街停車場,1,宏昌六街口,24.98708,121.29209,1,,,宏昌六街,,W
AO080016,瑞坪停車場,1,瑞坪路,24.89948,121.17712,1,,,瑞坪路,,S
AO040001,南崁公一地下停車場,1,仁愛路1段2號,25.0509,121.29342,1,,635591H,仁愛路,6355910200010H,E
AO070014,建德停車場,1,建德路出入口,24.9359,121.28089,1,,,建德路,,S
AO110001,新屋區停一立體停車場,1,327桃園市新屋區中山路新興街,24.97279,121.10598,1,190,,中山路,,E
AO060012,1895乙未保臺紀念公園地下停車場,1,乙未保臺紀念公園地下停車場入出口,24.94771,121.2059,1,,,復旦路,,NW
AO080006,大模停車場,2,,,,,,,,,
AO010031,南門公園地下停車場,1,三民路三段260號出入口,24.9912,121.30627,1,,635060H,三民路,6350600400060H,S
AO070003,廣豐一停車場,1,桃德路100巷,24.96757,121.29685,1,220,,無名,,W
AO070008,忠勇停車場,1,忠勇六街出入口,24.96545,121.30553,1,,,忠勇六街,,N
AO010026,武陵小段停車場,1,民生路與復興路口,24.99109,121.31542,1,,,復興路,,W
AO020019,中原國小地下停車場,1,中北路88號,24.95638,121.23949,1,,,實踐路,,SE
AO090004,桃園太武新村停車場,1,慈光街,24.90235,121.28206,1,450,,慈光街,,W
AO070013,八德區永福停車場,1,永福西街入口,24.96284,121.2983,1,,,永福西街,,E
AO070010,和義二停車場,1,和義二街出入口,24.96012,121.30723,1,,,和義二街,,N
AO010037,廈門立體停車場,1,文中東路出入口,24.99491,121.29817,1,210,,文中東路,,NW
AO050003,龍華公有停車場,1,桃園市龍潭區金龍路6號,24.8607,121.2118,1,,636679H,金龍路,6366790000000H,N
AO100001,兒十四地下停車場,1,福德路68巷45號,25.07559,121.25763,1,,,福德路,,N
AO020036,文化公園停車場,1,長春三路出入口,24.98001,121.24875,1,210,,長春三路,,NW
AO040006,南崁廣停一平面停車場,1,南山路入口,25.08031,121.28493,1,,,無名,,N
AO020002,中壢復興站,1,文化二路,24.97512,121.25111,1,,,文化二路,,SE
AO010014,三民公園停車場,1,三元街口,25.0019,121.3181,1,,,三元街,,NE
AO070016,豐田停車場,1,豐田七街出入口,24.9316,121.28841,1,,,豐田七街,,S
AO020027,永發停車場,1,公園路二段出入口,25.00641,121.2075,1,,635693H,公園路,6356930700040H,NW
AO070006,文昌街停車場,1,文昌街111巷,24.95278,121.29527,1,,,文昌街,,W
AO080012,三元停車場,1,三民北路,24.91099,121.1701,1,,635044H,三民北路,6350440000000H,N
AO010035,創新園區二期停車場,1,成功路入口,24.99806,121.32515,1,,636242H,成功路,6362420400040H,SW
AO030009,建國一村停車場,1,萬壽路入口,24.99195,121.32309,1,,637732H,萬壽路,6377320200000H,E
AO090002,橋頭停車場,1,瑞安路出入口,24.88498,121.28132,1,,,無名,,N
AO020005,中壢內壢站,1,中華路一段,24.97198,121.2556,1,,635451H,中華路,6354510500020H,SW
AO060002,廣南平面停車場,1,環南路,24.94499,121.20868,1,,636459H,延平路,6364590100040H,NE
AO080015,埔心公園停車場,1,自小客車費率,24.9143,121.18494,1,,,金龍一路,,S
AO010029,中路停五停車場,1,力行路,24.99814,121.2909,1,,,力行路,,W
AO080004,梅高停車場,1,新梅六街,24.91535,121.14556,1,,,新梅六街,,E
AO070011,八德區瑞祥停車場,1,介壽路2段1233巷出入口,24.93002,121.29943,1,,,介壽路,,E
AO020035,大華段公有停車場,1,成章二街入口,24.97835,121.25791,1,,,成章三街,,E
AO020014,站前東停車場,1,青山路,25.01203,121.21861,1,,,青山路,,NE
AO020028,中央地下停車場,2,,,,,,,,,
AO040003,南榮地下停車場,1,洛陽街,25.04501,121.29103,1,,,洛陽街,,NE
AO080013,瑞塘停車場,1,瑞溪路二段,24.90858,121.17902,1,,637727H,萬大路,6377270300000H,SE
AO070004,廣豐二停車場,1,廣豐三街,24.96534,121.29549,1,220,,廣豐三街,,N
AO080008,楊梅國中網球場停車場,1,中山路125巷,24.90543,121.14644,1,,,無名,,S
AO010004,建國停車場,1,建國路61巷出入口,24.98492,121.31561,1,,,建國路,,N
AO010028,中路停三停車場,1,溫州一街,25.00467,121.29538,1,,,溫州一路,,NE
AO010013,建國公園停車場,1,建成街口,24.98591,121.31559,1,,,建成街,,S
AO010025,府前地下停車場,1,縣府路入口,24.99287,121.30214,1,180,,無名,,N
AO030001,嘟嘟房龜山公所站停車場,1,忠誠街出入口,24.99184,121.33726,1,200,,忠誠街,,NW
AO080010,四維停車場,1,四維二路,24.91295,121.1806,1,,,四維二路,,NE
AO020003,中壢忠孝站,1,元生二街,24.9767,121.2541,1,,,元生二街,,S
AO010018,東門溪停車場,1,復興路51號出入口,24.99089,121.31631,1,,637401H,復興路,6374010200060H,E
AO100002,大園區廣停一停車場,1,園航路與文城路交叉路口,25.05951,121.1752,2,,635786H,文城路,6357860100030H,NE
AO030004,市十三停車場,1,復興南路26巷,25.05645,121.37117,1,,,文昌五街,,NE
AO020039,中壢石頭段停車場,1,民權路上,24.95069,121.22274,1,,,民權路,,SW
AO050002,運動公園平面停車場,1,北龍路與公園路交叉路口,24.86764,121.21853,1,,,無名,,SW
AO070012,大湳公有停車場,2,,,,,,,,,
AO020023,台貿停車場,1,台貿二街,24.93789,121.25666,1,,,台貿二街,,SE
AO010021,殯葬園區停車場,1,大有路出入口,25.02128,121.31457,1,,635135H,大有路,6351350300000H,SE
AO020007,中壢自強立體停車場,1,富國街,24.96857,121.25853,1,,,富國街,,W
AO010036,桃園區大有立體暨殯葬園區平面公有停車場,1,大有路946巷,25.02294,121.31569,1,2.1,,大有路,,NE
AO060008,坤慶平面停車場,1,坤慶二街,24.90227,121.21389,1,,,坤慶二街,,N
AO010010,大檜溪公園地下室停車場,1,興一路65巷50號,25.01378,121.31686,1,,,興一街,,E
AO070015,八德區廣興停車場,1,廣興路出入口,24.93698,121.28495,1,,637977H,廣興路,6379770400020H,S
AO060003,廣北平面停車場,1,廣成路,24.95661,121.20884,1,,,廣成街,,N
AO010008,三聖停車場,1,成功路三段,24.99796,121.32551,1,,636242H,成功路,6362420000040H,NE
AO010012,朝陽公園停車場,1,桃園市桃園區鎮撫街朝陽公園,24.99811,121.31201,1,,,公六街,,NW
AO070002,公二地下停車場,1,福國北街220號,24.96292,121.2966,1,,,福國北街,,NE
AO010030,中路停六停車場,1,力行口,24.99941,121.29858,1,,635033H,力行路,6350330200050H,NE
AO080014,埔心車站後站停車場,1,埔心火車站後站,24.91964,121.18297,1,,635547H,仁平路,6355470A00000H,N
AO020040,大江公有停車場,1,中園路二段入口,25.00439,121.2286,1,,,null,,SW
AO080002,自立停車場,1,新農街245巷,24.91108,121.15226,1,,,新農街,,N
AO060009,忠貞二公有停車場,1,忠貞路出入口,24.92943,121.25504,1,,638144H,龍平路,6381440100050H,NE
AO020018,中北健行停車場,1,中北路二段151號,24.95207,121.22681,1,,,中北路,,NE
AO010019,文小二停車場,1,文中二路出入口,25.00103,121.28977,1,,,文中二路,,S
AO020030,青雲公有停車場,1,青雲路路口,25.01277,121.22237,255,,636791H,青雲路,6367910300020H,E
AO020032,青松公有停車場,1,青松路,25.00515,121.21546,2,,,青松街,,NW
AO030002,停五停車場,1,中興路出入口,24.98899,121.33204,1,,,中興路,,SW
AO040002,五福地下停車場,1,桃園市蘆竹區五福一路135號,25.05596,121.29457,1,,635522H,五福一路,6355220000000H,N
AO070009,和義一停車場,1,和義一街出入口,24.94966,121.29294,1,,,和義一街,,N
AO020020,中鑄停車場,1,中華路一段619巷旁,24.96774,121.24941,1,,,無名,,NW
AO020016,永春停車場,1,永春路,25.01307,121.20559,2,,,永順街,,NE
AO060001,貿東停車場,1,貿五路,24.92771,121.25286,1,,637477H,貿五路,6374770000000H,N
AO010005,青溪停車場,1,中山東路126巷24號旁,24.99613,121.32156,1,,,無名,,W
AO010032,新永和停車場,1,中央街出入口,25.00283,121.31353,1,,,春日路,,N
AO100004,大園區停三停車場,1,文治路及學二街交叉口,25.05058,121.16934,2,,,文治路,,SE
AO020017,延平立體停車場,1,延平路535號,24.95613,121.22328,1,,,延平路,,NE
