CarParkID,CarParkName_Zh_tw,OpeningHours_ServiceDay_ServiceTag,OpeningHours_ServiceDay_Monday,OpeningHours_ServiceDay_Tuesday,OpeningHours_ServiceDay_Wednesday,OpeningHours_ServiceDay_Thursday,OpeningHours_ServiceDay_Friday,OpeningHours_ServiceDay_Saturday,OpeningHours_ServiceDay_Sunday,OpeningHours_ServiceDay_NationalHolidays,OpeningHours_Description,OpeningHours_StartTime,OpeningHours_EndTime,OpeningHours_FreeOfCharge
10912east,嘉義東市停車場,全年適用,1,1,1,1,1,1,1,1,全日,00:00,23:59,0
10909,市府大樓地下停車場,全年適用,1,1,1,1,1,1,1,1,全日,00:00,23:59,0
10816,停14(蘭停八)停車場,全年適用,1,1,1,1,1,1,1,1,全日,00:00,23:59,0
10918,新民二站停車場,全年適用,1,1,1,1,1,1,1,1,全日,00:00,23:59,0
11006A,西市場忠義街停車場,全年適用,1,1,1,0,1,1,1,1,全日,00:00,23:59,0
Cityparking1,嘉義成仁站停車場,全年適用,1,1,1,1,1,1,1,1,全日,00:00,23:59,0
10902east,檜村里(機6)停車場,全年適用,1,1,1,1,1,1,1,1,全日,00:00,23:59,0
10820,民族國小地下停車場,全年適用,1,1,1,1,1,1,1,1,全日,00:00,23:59,0
10814,大同國小(西榮街)停車場,全年適用,1,1,1,1,1,1,1,1,全日,00:00,23:59,0
10721,中正公園地下停車場,全年適用,1,1,1,1,1,1,1,1,全日,00:00,23:59,1
10915,轉運中心地下停車場,全年適用,1,1,1,1,1,1,1,1,全日,00:00,23:59,0
10906,垂楊國小地下停車場,全年適用,1,1,1,1,1,1,1,1,全日,00:00,23:59,0
10818,嘉義延平停車場,全年適用,1,1,1,1,1,1,1,1,全日,00:00,23:59,0
10504,文化公園(停6)停車場,全年適用,1,1,1,1,1,1,1,1,全日,00:00,23:59,0
10701east,嘉義中山停車場,全年適用,1,1,1,1,1,1,1,1,全日,00:00,23:59,0
10909A,市府前廣場停車場,全年適用,1,1,1,1,1,1,1,1,全日,00:00,23:59,0
DuDuhouse,吳鳳民族站,全年適用,1,1,1,1,1,1,1,1,全日,00:00,23:59,0
11010,嘉義蘭井街停車場,全年適用,1,1,1,1,1,1,1,1,全日,00:00,23:59,0
10904Aeast,新生路停車場民族站,全年適用,1,1,1,1,1,1,1,1,全日,00:00,23:59,0
11006,西市場大樓停車場,全年適用,1,1,1,1,1,1,1,1,全日,00:00,23:59,0
10802,嘉義中興停車場,全年適用,1,1,1,1,1,1,1,1,全日,00:00,23:59,0
10909B,舊市公所停車場,全年適用,1,1,1,1,1,1,1,1,全日,00:00,23:59,0
10801east,博物館地下停車場,全年適用,1,1,1,1,1,1,1,1,全日,00:00,23:59,0
10819,中央廣場地下停車場,全年適用,1,1,1,1,1,1,1,1,全日,00:00,23:59,0
10817,停10(蘭停七)停車場,全年適用,1,1,1,1,1,1,1,1,全日,00:00,23:59,1
10810,北港路(停9)停車場,全年適用,1,1,1,1,0,1,1,1,全日,00:00,23:59,0
11017,金財神停車場,全年適用,1,1,1,1,1,1,1,1,全日,00:00,23:59,1
10808,火車站前停車場,全年適用,1,1,1,1,1,1,1,1,全日,00:00,23:59,1
10904east,新生路停車場民國站,全年適用,1,1,1,1,1,1,1,1,全日,00:00,23:59,0
10904,德安停車場,全年適用,1,1,1,1,1,1,1,1,全日,00:00,23:59,0
STO002,停一停車場,全年適用,1,1,1,1,1,1,1,1,全日,00:00,00:00,1
DS01,東石鄉港口宮停車場,全年適用,1,1,1,1,1,1,1,1,全日,00:00,23:59,1
P05,五都停車場嘉義站,全年適用,1,1,1,1,1,1,1,1,全日,00:00,23:59,0
Puzi02,廣停六停車場,全年適用,1,1,1,1,1,1,1,1,全日,00:00,00:00,1
DL01,明和休閒公園旁公有免費停車場(停一),全年適用,1,1,1,1,1,1,1,1,全日,00:00,23:59,1
P16,助安168嘉義高鐵站,全年適用,1,1,1,1,1,1,1,1,全日,00:00,23:59,0
XT01,新港停一立體停車場,全年適用,1,1,1,1,1,1,1,1,全日,00:00,23:59,0
P06,布袋港旅客服務中心停車場,全年適用,1,1,1,1,1,1,1,1,全日,00:00,23:59,0
BD02,公有免費停車場（布袋文創對面停車場）,全年適用,1,1,1,1,1,1,1,1,全日,00:00,23:59,1
Cyhg07,朴子配天宮公有停車場,全年適用,1,1,1,1,1,1,1,1,全日,00:00,23:59,1
P02,強展金世界停車場,全年適用,1,1,1,1,1,1,1,1,全日,00:00,23:59,0
DL02,大林後火車站公有免費停車場(停二),全年適用,1,1,1,1,1,1,1,1,全日,00:00,23:59,1
MS0002,雲梯接駁停車場,全年適用,1,1,1,1,1,1,1,1,全日,00:00,23:59,1
Puzi05,廣停八停車場,全年適用,1,1,1,1,1,1,1,1,全日,00:00,00:00,1
P15,嘟嘟房高鐵嘉義站,全年適用,1,1,1,1,1,1,1,1,全日,00:00,23:59,0
Cyhg06,公有免費停車場（朴子五路、祥和二路）,全年適用,1,1,1,1,1,1,1,1,全日,00:00,23:59,1
P22,佛教大林慈濟醫院停車場,全年適用,1,1,1,1,1,1,1,1,全日,00:00,23:59,0
Puzi01,廣停二停車場,全年適用,1,1,1,1,1,1,1,1,全日,00:00,00:00,1
BD01,公有免費停車場（岑海里舊派出所旁停車場）,全年適用,1,1,1,1,1,1,1,1,全日,00:00,23:59,1
P12,嘉義長庚醫院停車場(西側),全年適用,1,1,1,1,1,1,1,1,全日,00:00,23:59,0
P20,樟腦寮月香停車場,全年適用,1,1,1,1,1,1,1,1,全日,08:00,17:00,0
P19,嘟嘟房新港奉天宮站停車場,全年適用,1,1,1,1,1,1,1,1,全日,00:00,23:59,0
P01,強展嘉大民雄校區停車場,全年適用,1,1,1,1,1,1,1,1,全日,00:00,23:59,0
Puzi07,嘉義縣朴子市第一公有零售市場地下室停車場,全年適用,1,1,1,1,1,1,1,1,全日,06:30,22:30,0
MS01,民雄鄉公有臨時停車場,全年適用,1,1,1,1,1,1,1,1,全日,00:00,23:59,1
P17,好庭車停車場,全年適用,1,1,1,1,1,1,1,1,全日,00:00,23:59,0
0001CYHG,朴子醫院停車場,全年適用,1,1,1,1,1,1,1,1,全日,07:00,15:00,0
P21,快樂停車場,全年適用,1,1,1,1,1,1,1,1,全日,00:00,23:59,0
CYHG05,快捷停車場,全年適用,1,1,1,1,1,1,1,1,全日,00:00,23:59,1
P18,廉增停車場故宮南院站,全年適用,1,1,1,1,1,1,1,1,全日,00:00,23:59,0
P07,布袋港第二停車場,全年適用,1,1,1,1,1,1,1,1,全日,00:00,23:59,0
STO005,水上鄉停（四）停車場,全年適用,1,1,1,1,1,1,1,1,免費,00:00,00:00,1
P14,嘟嘟房嘉義朴子站,全年適用,1,1,1,1,1,1,1,1,全日,00:00,23:59,0
P04,五都停車場高鐵嘉義二站,全年適用,1,1,1,1,1,1,1,1,全日,00:00,23:59,0
P09,嘉義長庚醫院停車場（醫學大樓）,全年適用,1,1,1,1,1,1,1,1,全日,00:00,23:59,0
CYHG02,創新地下停車場,平日,1,1,1,1,1,0,0,0,全日,08:00,17:00,0
P03,嘉義二停車場,全年適用,1,1,1,1,1,1,1,1,全日,00:00,23:59,0
ZPFA01,中埔鄉農會停車場,全年適用,1,1,1,1,1,1,1,1,全日,00:00,23:59,0
Puzi06,廣停四停車場,全年適用,1,1,1,1,1,1,1,1,全日,00:00,00:00,1
MS0001,梅山公園停車場,全年適用,1,1,1,1,1,1,1,1,全日,00:00,23:59,1
STO003,停二停車場,全年適用,1,1,1,1,1,1,1,1,免費,00:00,00:00,1
P11,嘉義長庚醫院停車場（東北側）,全年適用,1,1,1,1,1,1,1,1,全日,00:00,23:59,0
Puzi04,廣停五停車場,全年適用,1,1,1,1,1,1,1,1,全日,00:00,00:00,1
STO004,水上鄉停（三）停車場,全年適用,1,1,1,1,1,1,1,1,免費,00:00,00:00,1
DL03,大林體育運動公園前公有免費停車場(停三),全年適用,1,1,1,1,1,1,1,1,全日,00:00,23:59,1
P08,布袋港第三停車場,全年適用,1,1,1,1,1,1,1,1,全日,00:00,23:59,0
CYHG03,府前地下停車場,平日,1,1,1,1,1,0,0,0,全日,08:00,17:00,0
STO001,機一停車場,全年適用,1,1,1,1,1,1,1,1,全日,08:00,08:00,1
P10,嘉義長庚醫院停車場（綜合醫學大樓）,全年適用,1,1,1,1,1,1,1,1,全日,00:00,23:59,0
P13,嘟嘟房嘉義大同站,全年適用,1,1,1,1,1,1,1,1,全日,00:00,23:59,0
LJ03,六腳鄉公所公有停車場,全年適用,1,1,1,1,1,1,1,1,全日,00:00,23:59,1
Cyhg01,公有免費停車場（仁和二路、小槺榔三路）,全年,1,1,1,1,1,1,1,1,全日,00:00,23:59,1
Puzi03,廣停三停車場,全年適用,1,1,1,1,1,1,1,1,全日,00:00,00:00,1
A5,稅務大樓地下停車場,平日,1,1,1,1,1,1,1,1,24小時,00:00,00:00,0
AG,東大陸橋停車場-中華站,全年適用,1,1,1,1,1,1,1,1,全日,00:00,23:59,0
HSZ_MI,民富機械停車場,全年,1,1,1,1,1,1,1,1,全日,00:00,23:59,0
ZH,中正市場停車場,全年適用,1,1,1,1,1,1,1,1,全日,00:00,23:59,1
HSZ_LA,勞山新村機車停車場,全年,1,1,1,1,1,1,1,1,全日,00:00,23:59,0
AI,竹光國民運動中心地下2樓及3樓停車場,全年適用,1,1,1,1,1,1,1,1,全日,00:00,23:59,0
HSZ_CH,赤土崎地下停車場,平日、假日,1,1,1,1,1,1,1,1,24H,00:00,00:00,0
HSZ_FU,府後地下停車場,全日,1,1,1,1,1,1,1,1,全日,00:00,23:59,0
57,火車站後站(一、二、三、四)汽車停車場,全年適用,1,1,1,1,1,1,1,1,全日,00:00,23:59,0
HSZ_RA,後站機車第二停車場,全年,1,1,1,1,1,1,1,1,全日,00:00,23:59,0
AA,頂竹圍地下停車場,全年適用,1,1,1,1,1,1,1,1,全日,00:00,23:59,1
HSZ_MN,南大路機車停車場,全年,1,1,1,1,1,1,1,1,全日,00:00,23:59,0
96,延平停車場,平日,1,1,1,1,1,1,1,1,24小時,00:00,00:00,0
HSZ_ZO,動物園地下停車場,全年適用,1,1,1,1,1,1,1,1,全日,00:00,23:59,0
HSZ_NI,牛埔地下停車場,全日,1,1,1,1,1,1,1,1,全日,00:00,23:59,0
HSZ_NA,南門機械停車場,全年適用,1,1,1,1,1,1,1,1,全日,00:00,23:59,0
HSZ_ML,明志書院停車場,全年適用,1,1,1,1,1,1,1,1,全日,00:00,23:59,0
AD,生命園區第一停車場,全年適用,1,1,1,1,1,1,1,1,全日,00:00,23:59,0
AB,新科國中地下停車場 ,平日、假日,1,1,1,1,1,1,1,1,24H,00:00,23:59,0
44,停七停車場,平日、假日,1,1,1,1,1,1,1,1,24H,00:00,23:59,0
HSZ_NO,北區行政大樓地下停車場,全年適用,1,1,1,1,1,1,1,1,全日時段皆開放,00:00,23:59,0
HSZ_MP,明湖公園平面停車場,平日、假日,1,1,1,1,1,1,1,1,24H,00:00,00:00,0
AH,東大陸橋停車場-中央站,全年適用,1,1,1,1,1,1,1,1,全日,00:00,23:59,0
HSZ_QL,青草湖立體停車場,平日、假日,1,1,1,1,1,1,1,1,24H,00:00,00:00,0
A00025,彪吉利停車場(國聯五路站),全年適用／平日／假日,1,1,1,1,1,1,1,1,全日／上午／下午,00:00,00:00,1
A00001,彪吉利(花蓮停三)汽(紅黃牌重機)車停車場,全年適用／平日／假日,1,1,1,1,1,1,1,1,全日／上午／下午,00:00,00:00,0
A00042,臺灣基督教門諾會醫療財團法人門諾醫院收費停車場,全年適用,1,1,1,1,1,1,1,1,全日,00:00,23:59,0
A00080,鉄道商圈停車場,全年適用,1,1,1,1,1,1,1,1,全日,00:00,23:59,0
A00061,富裕二街停車場,全年適用,1,1,1,1,1,1,1,1,全日,00:00,00:00,1
A00067,市八十三街停車場,全年適用,1,1,1,1,1,1,1,1,全日,00:00,23:59,0
A00015,WORLD GYM世界健身俱樂部停車場,全年適用,1,1,1,1,1,1,1,1,全日,06:00,23:59,0
A00035,林森停車場,全年適用,1,1,1,1,1,1,1,1,全日,00:00,23:59,0
A00059,花蓮中山路停車場,全年適用,1,1,1,1,1,1,1,1,全日,00:00,23:59,1
A00017,台灣國際開發事業有限公司花蓮醫院停車場,全年適用,1,1,1,1,1,1,1,1,全年適用,00:00,23:59,0
A00032,建程自由街停車場,全年,1,1,1,1,1,1,1,1,全日,06:00,06:00,0
A00021,花蓮壽豐車站停車場,全年,1,1,1,1,1,1,1,1,全日,00:00,23:59,0
A00007,花蓮航空站計時收費停車場,全年適用,1,1,1,1,1,1,1,1,全日,00:00,23:59,0
A00011,新港街停車場,全年適用,1,1,1,1,1,1,1,1,全日,00:00,23:59,0
A00072,好樂停 HAPPY PARKING–忠孝停車場,全年適用,1,1,1,1,1,1,1,1,全日,00:00,23:59,0
A00045,國富二十二街停車場,全年適用,1,1,1,1,1,1,1,1,全日,00:00,23:59,1
A00073,好樂停HAPPY PARKING-中山停車場,全年適用,1,1,1,1,1,1,1,1,全日,00:00,23:59,0
A00030,吉安仁里立體停車場,全年適用,1,1,1,1,1,1,1,1,全日,00:00,23:59,0
A00043,中山明智停車場,全年適用,1,1,1,1,1,1,1,1,全日,00:00,23:59,0
A00033,花蓮民生停車場,全年適用,1,1,1,1,1,1,1,1,全日,00:00,23:59,0
A00023,彪吉利停車場(國盛站),全年適用／平日／假日,1,1,1,1,1,1,1,1,全日／上午／下午,00:00,00:00,0
A00079,城中大樓停車場,全年適用,1,1,1,1,1,1,1,1,全日,00:00,23:59,0
A00013,明禮路停車場,全年適用,1,1,1,1,1,1,1,1,全日,00:00,23:59,0
A00026,前站停車場,全年適用／平日／假日,1,1,1,1,1,1,1,1,全日／上午／下午,00:00,00:00,0
A00002,永發停車場-東洋站,全年適用,1,1,1,1,1,1,1,1,全日,00:00,23:59,0
A00009,遠東百貨股份有限公司花蓮和平分公司,全年,1,1,1,1,1,1,1,1,09:00~22:30,09:00,22:30,0
A00050,國富二街停車場,全年適用,1,1,1,1,1,1,1,1,全日,00:00,23:59,0
A00016,P&P停車場,全年適用,1,1,1,1,1,1,1,1,全日,00:00,23:59,0
A00040,花蓮文化創意產業園區停車場,全年適用,1,1,1,1,1,1,1,1,全日,00:00,23:59,0
A00031, 東芥東大門停車場,全年適用,1,1,1,1,1,1,1,1,全日,08:00,00:00,0
A00048,博客停車場寶雅吉安場,全年適用,1,1,1,1,1,1,1,1,全日,00:00,23:59,0
A00039,花蓮民德二停車場,全年適用,1,1,1,1,1,1,1,1,全日,00:00,23:59,0
A00047,168停車聯盟花蓮東大門場,全年適用,1,1,1,1,1,1,1,1,全日,00:00,23:59,1
A00068,花蓮富國停車場,全日,1,1,1,1,1,1,1,1,全日,00:00,00:00,0
A00054,盛昌停車場,全年適用,1,1,1,1,1,1,1,1,全日,00:00,23:59,1
A00024,停佳安(花蓮停四)機車停車場,全年適用／平日／假日,1,1,1,1,1,1,1,1,全日／上午／下午,00:00,00:00,0
A00012,節約街停車場,全年適用,1,1,1,1,1,1,1,1,全日,00:00,23:59,0
A00034,停好停滿停車場中華國小站,全年適用,1,1,1,1,1,1,1,1,全日,00:00,23:59,0
A00065,花蓮文化創意產業園區停車場,全年適用,1,1,1,1,1,1,1,1,全日,00:00,23:59,0
A00038,花蓮民德一停車場,全年適用,1,1,1,1,1,1,1,1,全日,00:00,23:59,0
A00057,國聯停車場,全年,1,1,1,1,1,1,1,1,全日,00:00,23:59,1
A00046,國盛四街停車場,全年適用,1,1,1,1,1,1,1,1,全日,00:00,23:59,0
A00028,遠雄海洋公園(股)公司,全年適用,1,1,1,1,1,1,1,1,全日,09:00,15:00,0
A00018,彪吉利停場車(國民段469號),全年適用／平日／假日,1,1,1,1,1,1,1,1,全日／上午／下午,00:00,00:00,0
A00078,TIMES 花蓮延平街,全年適用,1,1,1,1,1,1,1,1,全日,00:00,18:00,0
A00005,福廣仁愛停車場,全年適用,1,1,1,1,1,1,1,1,全日,00:00,23:59,1
A00019,新康停車場,全年適用,1,1,1,1,1,1,1,1,全日,00:00,23:59,0
A00044,停好車停車場,全年適用,1,1,1,1,1,1,1,1,全日,00:00,23:59,1
A00010,花蓮市忠孝立體停車場,全年適用,1,1,1,1,1,1,1,1,全日,00:00,23:59,0
A00049,花蓮市公園三民站,全年適用,1,1,1,1,1,1,1,1,全日,00:00,23:59,0
A00066,花蓮國聯停車場,全年適用,1,1,1,1,1,1,1,1,全日,00:00,23:59,0
A00060,福品旅店停車場,全年適用,1,1,1,1,1,1,1,1,全日,00:00,23:59,0
A00076,好樂停 HAPPY PARKING-中央停車場,全年適用,1,1,1,1,1,1,1,1,全日,00:00,23:59,0
A00003,丞捷停車場 ,全年適用,1,1,1,1,1,1,1,1,全日,00:00,23:59,0
A00004,後火車站機車停車場,全年適用,1,1,1,1,1,1,1,1,全日,00:00,23:59,0
A00014,TIMES 三民街,全年適用,1,1,1,1,1,1,1,1,全日,00:00,23:59,0
A00071,花蓮中山停車場,全日,1,1,1,1,1,1,1,1,全日,00:00,23:59,0
A00070,吉安站前停車場,全年.24小時,1,1,1,1,1,1,1,1,全年.24小埘 ,00:00,23:59,0
A00036,統冠重慶店停車場,全年適用,1,1,1,1,1,1,1,1,全日,00:00,23:59,1
A00022,佛教慈濟醫療財團法人花蓮慈濟醫院停車場,全年適用,1,1,1,1,1,1,1,1,全日,00:00,23:59,0
KEE22410,基隆新橫濱停車場,營運日,1,1,1,1,1,1,1,1,營運時段,00:00,24:00,0
KEE11106,海洋劇場停車場,假日,0,0,0,0,0,1,1,1,整日,00:00,24:00,0
KEE12501,鶯歌石溪停車場,不限營運日,1,1,1,1,1,1,1,1,全年24小時,00:00,24:00,0
KEE11307,信義國小地下停車場,營運日,1,1,1,1,1,1,1,1,營業時間,00:00,24:00,0
KEE12108,復育環保公園停車場,平日,1,1,1,1,1,0,0,0,整日,00:00,24:00,0
KEE11205,中興國小停車場,全日,1,1,1,1,1,1,1,1,全天營業,00:00,24:00,0
KEE12115,八斗子漁港C區停車場,全日,1,1,1,1,1,1,1,1,全天營業,00:00,24:00,0
KEE12105,基隆和平島公園停車場,營運日淡季,1,1,1,1,1,1,1,1,淡季,08:00,18:00,0
KEE11703,基隆七堵停車場,全年無休,1,1,1,1,1,1,1,1,全年無休,00:00,24:00,0
KEE11102,正濱國小收費立體停車場,全年無休,1,1,1,1,1,1,1,1,全年無休,00:00,24:00,0
KEE12112,南區大客車停車場,平日,1,1,1,1,1,0,0,0,整日,00:00,24:00,0
KEE12111,65高地停車場,不限營運日,1,1,1,1,1,1,1,1,24小時營運,00:00,24:00,0
KEE12117,基隆社寮橋停車場,營運日,1,1,1,1,1,1,1,1,營運時段,00:00,24:00,0
KEE11302,基隆成功站,全年無休,1,1,1,1,1,1,1,1,全天營業,00:00,24:00,0
KEE12402,西三停車場,全年無休,1,1,1,1,1,1,1,1,全年無休,00:00,24:00,0
KEE12706,光明停二停車場,不限營運日,1,1,1,1,1,1,1,1,全年24小時,00:00,24:00,0
KEE22112,基隆八尺門停車場,營運日,1,1,1,1,1,1,1,1,營業時間,00:00,24:00,0
KEE11303,南榮公墓殯儀館停車場,全日,1,1,1,1,1,1,1,1,全天營業,00:00,24:00,0
KEE12401,基隆市中和路168巷停車場,不限營運日,1,1,1,1,1,1,1,1,全年24小時,00:00,24:00,0
KEE11104,中正區行政大樓地下停車場,全年無休,1,1,1,1,1,1,1,1,全年無休,00:00,24:00,0
KEE12109,濱海遊憩區停車場,不限營運日,1,1,1,1,1,1,1,1,24小時營業,00:00,24:00,0
KEE12113,基隆和一停車場,營運日,1,1,1,1,1,1,1,1,營業時間,00:00,24:00,0
KEE12107,區域探索館平面停車場,假日,0,0,0,0,0,1,1,1,整日,00:00,24:00,0
KEE12707,福六街停車場,不限營運日,1,1,1,1,1,1,1,1,全年24小時,00:00,24:00,0
KEE12110,潮境公園停車場,假日,0,0,0,0,0,1,1,1,整日,00:00,24:00,0
KEE12203,基隆六合停車場,平日假日國定假日,1,1,1,1,1,1,1,1,平日假日國定假日,00:00,24:00,0
KEE12502,基隆安和停車場,不限營運日,1,1,1,1,1,1,1,1,24小時營業,00:00,24:00,0
KEE12705,光明停一停車場,不限營運日,1,1,1,1,1,1,1,1,全年24小時,00:00,24:00,0
KEE22111,非凡物業管理顧問有限公司和平島停車場,全年營運,1,1,1,1,1,1,1,1,全年營運,00:00,24:00,0
KEE11304,銘傳立體停車場,不限營運日,1,1,1,1,1,1,1,1,全天營業時間,00:00,24:00,0
KEE12114,八斗子觀光漁港停車場,全日,1,1,1,1,1,1,1,1,全天營業,00:00,24:00,0
KIN0001,金門航空站第三停車站,全年適用平、假日,1,1,1,1,1,1,1,1,全日上、下午,00:00,23:59,0
KIN0004,山外車站停車場,全年適用平、假日,1,1,1,1,1,1,1,1,全日/上午/下午,00:00,23:59,0
LIE002,介壽地下停車場,夜間,1,1,1,1,1,1,1,1,夜間營業時間,22:00,06:00,0
LIE003,仁愛停車場,夜間,1,1,1,1,1,1,1,1,夜間營業時間,22:00,06:00,0
MIA019,聯永客家委員會停車場,全年適用,1,0,1,1,1,1,1,1,上午,09:00,17:00,0
MIA013,Times苗栗莊敬街停車場,全年適用,1,1,1,1,1,1,1,1,全日,00:00,23:59,0
MIA007,苗栗市停十停車場,全年適用,1,1,1,1,1,1,1,1,全日,00:00,23:59,0
MIA005,苗栗市停五停車場,全年適用,1,1,1,1,1,1,1,1,全日,00:00,23:59,0
MIA030,叭叭房廣停四停車場,全年適用,1,1,1,1,1,1,1,1,全日,08:00,20:00,0
MIA001,苗栗中正站停車場,全年適用,1,1,1,1,1,1,1,1,全日,00:00,23:59,0
MIA003,苗栗市停一停車場,平日,1,1,1,1,1,0,0,0,08:00-19:00,08:00,19:00,0
MIA025,叭叭房廣停二停車場,全年適用,1,1,1,1,1,1,1,1,全日,08:00,20:00,0
MIA012,大同國小地下停車場,全年適用,1,1,1,1,1,1,1,1,全日,00:01,23:59,0
MIA016,尚順育樂世界停車場,平日假日,1,1,1,1,1,1,1,1,06:00~02:50,06:00,02:50,0
MIA022,叭叭房光華停車場,全年適用,1,1,1,1,1,1,1,1,平面停車場,08:00,20:00,0
MIA008,苗栗市停十五停車場,全年適用,1,1,1,1,1,1,1,1,全日,00:00,23:59,0
MIA021,台鐵苗栗東站停車場,平日/假日/國定假日,1,1,1,1,1,1,1,1,24小時,00:00,23:59,0
MIA027,叭叭房民生停車場,全年適用,1,1,1,1,1,1,1,1,全日,08:00,20:00,0
MIA017,富山中山路停車場,全年適用,1,1,1,1,1,1,1,1,全日,00:00,23:59,0
MIA004,苗栗市停四停車場,全年適用,1,1,1,1,1,1,1,1,全日,00:00,23:59,0
MIA024,叭叭房廣停三停車場,全年適用,1,1,1,1,1,1,1,1,全日,08:00,20:00,0
MIA020,台鐵豐富站停車場,全年適用,1,1,1,1,1,1,1,1,全日,00:00,23:59,0
MIA006,苗栗市停八停車場,全年適用,1,1,1,1,1,1,1,1,全日,00:00,23:59,0
MIA014,後龍停一立體停車場,每日,1,1,1,1,1,1,1,1,含身障停車位1格,00:00,00:00,0
MIA026,叭叭房廣停六停車場,全年適用,1,1,1,1,1,1,1,1,全日,08:00,20:00,0
MIA023,叭叭房銀河停車場,全年適用,1,1,1,1,1,1,1,1,平面停車格及翻板機,07:00,21:00,0
MIA010,南庄遊客中心停車場,全年適用,1,1,1,1,1,1,1,1,全日,00:00,23:59,0
MIA029,叭叭房文林停車場,全年適用,1,1,1,1,1,1,1,1,全日,08:00,20:00,0
MIA028,叭叭房廣停十五停車場,全年適用,1,1,1,1,1,1,1,1,全日,08:00,20:00,0
MIA018,苗栗台鐵高架橋下停車場,全年適用,1,1,1,1,1,1,1,1,全日,00:00,23:59,0
MIA011,竹南國中地下停車場,全年,1,1,1,1,1,1,1,1,全日,00:00,23:59,1
NAN_004,婦幼館附設停車場,全年適用,1,1,1,1,1,1,1,1,全日,00:00,00:00,1
NAN_003,埔里鎮仁愛立體停車場,全年適用,1,1,1,1,1,1,1,1,全日,00:00,23:59,0
jiji001,集集鎮公所集集國小地下停車場,全年,1,1,1,1,1,1,1,1,上午9時至晚上8時,09:00,20:00,1
tsa004,草屯鎮公有零售市場地下停車場(市一停車場),全年適用,1,1,1,1,1,1,1,1,全日,00:00,23:59,0
NAN_008,東埔停車場,全年,1,1,1,1,1,1,1,1,全日,08:00,18:00,0
NAN_010,南投縣瑞龍瀑布地區停車場,全年,1,1,1,1,1,1,1,1,全日,08:00,16:00,0
tsa002,草屯鎮中正路臨時停車場,全年,1,1,1,1,1,1,1,1,全日,07:00,07:00,0
cmh923,中山停車場,全年適用,1,1,1,1,1,1,1,1,全日,00:00,00:00,1
exfop01,第一停車場,全年適用,1,1,1,1,1,1,1,1,全日,07:00,17:00,0
exfop02,第二停車場,全年適用,1,1,1,1,1,1,1,1,全日,07:00,17:00,0
tsa003,草鞋墩停二立體停車場,全年適用,1,1,1,1,1,1,1,1,全日,00:00,00:00,1
tsa001,草屯鎮大成街停車場,全年適用,1,1,1,1,1,1,1,1,全日,07:00,07:00,0
NAN_002,草屯鎮公有草鞋墩多目標使用立體停車場,全年適用,1,1,1,1,1,1,1,1,全日,00:00,23:59,0
NAN_009,竹山鎮梯子吊橋公有停車場,全年,1,1,1,1,1,1,1,1,全日,08:00,16:00,0
NAN_005,南投縣政府地下停車場,平日,1,1,1,1,1,0,0,0,上下午,07:00,21:00,1
PT0009,屏菸1936文化基地立體停車場,全年適用,1,1,1,1,1,1,1,1,全日,00:00,23:59,0
PT0005,機場北路路外停車場,平日假日,1,1,1,1,1,1,1,1,全日,00:00,00:00,0
PT0007,幸福公園停車場,全年適用平、假日,1,1,1,1,1,1,1,1,全日/上午/下午,00:00,23:59,0
PT0013,恆春立體停車場,全年適用平、假日,1,1,1,1,1,1,1,1,全日/上午/下午,00:00,00:00,0
PT0012,東港中山路立體停車場,全年適用平、假日,1,1,1,1,1,1,1,1,全日/上午/下午,00:00,00:00,0
PT0010,民生路立體停車場,全年適用,1,1,1,1,1,1,1,1,全日,00:00,23:59,0
PT0011,仁愛路地下立體停車場,全年適用平、假日,1,1,1,1,1,1,1,1,全日/上午/下午,00:00,23:59,0
PT0015,自由延平停車場,全年適用,1,1,1,1,1,1,1,1,全日,00:00,23:59,0
PT0003,勝利星村路外停車場,平日假日,1,1,1,1,1,1,1,1,全日,00:00,00:00,0
PT0002,中華立體停車場,全年適用,1,1,1,1,1,1,1,1,全日,00:00,23:59,0
PT0008,信義路立體停車場,全年適用平、假日,1,1,1,1,1,1,1,1,全日/上午/下午,00:00,00:00,0
PT0014,東港鎮中山路平面式路外停車場,全年適用,1,1,1,1,1,1,1,1,全日,00:00,23:59,0
PT0016,東港漁港停車場,全年適用,1,1,1,1,1,1,1,1,全日,00:00,23:59,0
PT0001,縣府立體停車場,平日假日,1,1,1,1,1,1,1,1,立體小型停車場206格(身障車格6格，婦幼車格6格),00:00,00:00,0
PT0004,自由路外停車場,平日假日,1,1,1,1,1,1,1,1,全日,00:00,00:00,1
PT0017,潮州車站停車場,全年適用,1,1,1,1,1,1,1,1,全日,00:00,23:59,0
PT0006,和平路路外停車場,平日假日,1,1,1,1,1,1,1,1,全日,00:00,00:00,0
PT0018,屏東榮民總醫院東側路外停車場,全年適用,1,1,1,1,1,1,1,1,全日,00:00,23:59,0
03P0C0012A,南區-公有-城隍機車停車場,全年,1,1,1,1,1,1,1,1,全日,00:00,23:59,0
02P0C0008A,東區-公有-信心P,全年適用,1,1,1,1,1,1,1,1,全日,00:00,23:59,0
02P0C0007A,東區-公有-東英P,全年適用,1,1,1,1,1,1,1,1,全日,00:00,23:59,0
13P0C0004B,沙鹿區-公有-沙田立體P,全年適用,1,1,1,1,1,1,1,1,全日,00:00,23:59,0
09P0C0018A,豐原區-公有-豐原區社會住宅預定地臨時停車場,全年適用,1,1,1,1,1,1,1,1,全日,00:00,23:59,0
08P0C0003A,北屯區-公有-(細廣停1)景賢P,全年適用,1,1,1,1,1,1,1,1,全日,00:00,00:00,0
08P0C0029A,北屯區-公有-永和巷公園附屬停車場,全年無休,1,1,1,1,1,1,1,1,全日,00:00,23:59,0
06P0C0032C,西屯區-公有-市政公園地下停車場,全年適用,1,1,1,1,1,1,1,1,全日,08:00,08:00,0
08P0C0014A,北屯區-公有-江興P,全年適用,1,1,1,1,1,1,1,1,全日,00:00,00:00,0
04P0C0004A,西區-公有-平和P,全年適用,1,1,1,1,1,1,1,1,全日,00:00,23:59,1
06P0C0029A,西屯區-公有-惠中停車場(B區),全年適用,1,1,1,1,1,1,1,1,全日,00:00,23:59,0
09P0C0001A,豐原區-公有-大明路中興P,全年適用,1,1,1,1,1,1,1,1,全日,00:00,23:59,0
07P0C0015A,南屯區-公有-錢嶺P,全年適用,1,1,1,1,1,1,1,1,全天候,00:00,23:59,0
05P0C0018A,北區-公有-永興停車場,全年適用,1,1,1,1,1,1,1,1,全日,00:00,23:59,1
06P0C0014A,西屯區-公有-河南P  ,全年,1,1,1,1,1,1,1,1,全日,00:00,23:59,0
09P0C0003A,豐原區-公有-田心路平面P,全年適用,1,1,1,1,1,1,1,1,全日,00:00,23:59,0
27P0C0006A,太平區-公有-新光廣停八P,全年適用,1,1,1,1,1,1,1,1,全日,00:00,23:59,0
07P0C0003A,南屯區-公有-大新P  ,全年,1,1,1,1,1,1,1,1,全日,00:00,23:59,0
08P0C0021C,北屯區-公有-臺中市中央公園地下P,全年適用,1,1,1,1,1,1,1,1,全日,00:00,23:59,0
17P0C0003B,潭子區-公有-潭興立體停車場,全年適用,1,1,1,1,1,1,1,1,全日,00:00,23:59,0
06P0C0027A,西屯區-公有-秋紅谷平面停車場,全年適用,1,1,1,1,1,1,1,1,全日,00:00,23:59,0
09P0C0006A,豐原區-公有-葫蘆墩圳平面P4,全年適用,1,1,1,1,1,1,1,1,全日,00:00,23:59,0
07P0C0009A,南屯區-公有-春安P,全年適用,1,1,1,1,1,1,1,1,全日,00:00,23:59,0
17P0C0001A,潭子-公有-環中東路一段台74快速道路下P ,全年適用,1,1,1,1,1,1,1,1,全日,00:00,00:00,0
09P0C0002A,豐原區-公有-中陽路平面P,全年適用,1,1,1,1,1,1,1,1,全日,00:00,23:59,0
02P0C0010A,東區-公有-精武東P,全年適用,1,1,1,1,1,1,1,1,全日,00:00,23:59,0
08P0C0026A,北屯區-公有-(廣兼停8)竹興P,全年,1,1,1,1,1,1,1,1,全日,00:00,23:59,1
08P0C0002A,北屯區-公有-(細廣停1)敦化P,全年適用,1,1,1,1,1,1,1,1,全日,00:00,00:00,0
12P0C0001A,清水區-公有-牛罵頭P,24H,1,1,1,1,1,1,1,1,24H,00:00,23:59,0
04P0C0013A,西區-公有-廣民P,全年適用,1,1,1,1,1,1,1,1,全日,00:00,23:59,0
06P0C0011A,西屯區-公有-協和P  ,全年適用,1,1,1,1,1,1,1,1,全日,00:00,23:59,0
04P0C0009C,西區-公有-柳川P,全年適用,1,1,1,1,1,1,1,1,全日,00:00,23:59,0
06P0C0019A,西屯區-公有-惠順P,全年適用,1,1,1,1,1,1,1,1,全日,00:00,23:59,0
04P0C0010A,西區-公有-美村P,全年適用,1,1,1,1,1,1,1,1,全日,00:00,23:59,0
06P0C0007A,西屯區-公有-太原P,全年適用,1,1,1,1,1,1,1,1,全日,00:00,23:59,1
03P0C0013A,南區-公有-工學六街停車場,全年適用,1,1,1,1,1,1,1,1,全日,00:00,23:59,0
18P0C0005A,大雅區-公有-中清雅潭P,全年適用,1,1,1,1,1,1,1,1,全日,00:00,23:59,0
02P0C0009B,東區-公有-南京立體P,全年適用,1,1,1,1,1,1,1,1,全日,00:00,23:59,0
10P0C0005B,東勢區-公所-綜合立體P,全年適用,1,1,1,1,1,1,1,1,全日,00:00,23:59,0
24P0C0006C,大肚區-公所-大肚地下P,全年適用,1,1,1,1,1,1,1,1,全日,00:00,23:59,0
06P0C0028A,西屯區-公有-惠中停車場(A區),全年適用,1,1,1,1,1,1,1,1,全日,00:00,23:59,1
02P0C0005B,東區-公有-干城立體P,全年,1,1,1,1,1,1,1,1,全日,00:00,23:59,0
03P0C0005A,南區-公有-健康公園附設P,全年適用,1,1,1,1,1,1,1,1,全日,00:00,23:59,0
09P0C0004B,豐原區-公有-育英路立體P,全年適用,1,1,1,1,1,1,1,1,全日,00:00,23:59,0
02P0M0001A,東區-公有-大智北機車P,全年,1,1,1,1,1,1,1,1,全日,00:00,23:59,0
06P0C0001B,西屯區-公有-(停71)漢口立體P,全年適用,1,1,1,1,1,1,1,1,全日,00:00,23:59,0
06P0C0020A,西屯區-公有-朝馬P  ,全年適用,1,1,1,1,1,1,1,1,全日,00:00,23:59,0
04P0C0011A,西區-公有-貴和P,全年適用,1,1,1,1,1,1,1,1,全日,00:00,23:59,0
04P0C0012C,西區-公有-萬壽棒球場附屬地下P,全年適用,1,1,1,1,1,1,1,1,全日,00:00,23:59,0
08P0C0015A,北屯區-公有-昌和公園附設P,全年適用,1,1,1,1,1,1,1,1,全日,00:00,23:59,0
06P0C0004A,西屯區-公有-大福P,全年適用,1,1,1,1,1,1,1,1,全日,00:00,23:59,0
09P0C0015A,豐原區-公有-博愛重劃區P3、5,全年適用,1,1,1,1,1,1,1,1,全日,00:00,23:59,1
05P0C0001A,北區-公有-山西P,全年適用,1,1,1,1,1,1,1,1,全日,00:00,00:00,0
28P0C0015A,大里區-公有-崇光P,全年適用,1,1,1,1,1,1,1,1,全日,00:00,23:59,0
08P0C0017A,北屯區-公有-松榮P,全年平假日,1,1,1,1,1,1,1,1,全日,00:00,23:59,0
27P0C0002B,太平區-公有-中興立體P,全年適用,1,1,1,1,1,1,1,1,全日,00:00,23:59,0
11P0C0002A,大甲區-公有-停三P,全年,1,1,1,1,1,1,1,1,全日,00:00,23:59,0
06P0C0005A,西屯區-公有-大墩P,全年適用,1,1,1,1,1,1,1,1,全日,00:00,23:59,1
28P0C0016C,大里區-公有-國立興大附中地下P,全年適用,1,1,1,1,1,1,1,1,全日,00:00,23:59,0
07P0C0007C,南屯區-公有-水安宮地下P,全年平假日,1,1,1,1,1,1,1,1,全日,00:00,23:59,0
11P0C0001A,大甲區-公有-文武P,全年,1,1,1,1,1,1,1,1,全日,00:00,23:59,0
17P0C0002C,潭子-公有-國民暨兒童運動中心(B2層)停車場,全年適用,1,1,1,1,1,1,1,1,全日,00:00,23:59,0
06P0C0016A,西屯區-公有-國豐P,全年適用,1,1,1,1,1,1,1,1,全日,00:00,23:59,0
05P0C0017A,北區-公有-大湖停車場,全年適用,1,1,1,1,1,1,1,1,全日,00:00,23:59,1
09P0C0008A,豐原區-公有-葫蘆墩圳平面P6,全年適用,1,1,1,1,1,1,1,1,全日,00:00,23:59,0
28P0C0002A,大里區-公有-德芳興P,全年適用,1,1,1,1,1,1,1,1,全日,00:00,23:59,0
08P0C0005A,北屯區-公有-(廣停66)新平P,全年適用,1,1,1,1,1,1,1,1,全日,00:00,00:00,0
07P0C0005A,南屯區-公有-文心森林公園附屬P,全年適用,1,1,1,1,1,1,1,1,全天候,00:00,23:59,0
06P0C0006A,西屯區-公有-大鵬P  ,全年,1,1,1,1,1,1,1,1,全日,00:00,23:59,0
06P0C0017A,西屯區-公有-細停二P,全年適用,1,1,1,1,1,1,1,1,全日,00:00,23:59,0
03P0C0009A,南區-公有-德義P,全年適用,1,1,1,1,1,1,1,1,全日,00:00,23:59,0
08P0C0023A,北屯區-公有-(細廣停2)太和P,全年,1,1,1,1,1,1,1,1,全日,00:00,23:59,0
27P0C0003B,太平區-公有-新平立體P,全年適用,1,1,1,1,1,1,1,1,全日,00:00,23:59,0
28P0C0017B,大里區-公有-東榮立體P,全年通,1,1,1,1,1,1,1,1,無否,00:00,23:59,0
04P0C0005A,西區-公有-民龍P,全年適用,1,1,1,1,1,1,1,1,全日,00:00,23:59,0
08P0C0001A,北屯區-公有-(公49)新平公園附屬P,全年適用,1,1,1,1,1,1,1,1,全日,00:00,00:00,0
05P0C0007A,北區-公有-東欣P,全年適用,1,1,1,1,1,1,1,1,全日,00:00,23:59,0
06P0C0002A,西屯區-公有-上安P  ,全年,1,1,1,1,1,1,1,1,全日,00:00,23:59,0
06P0C0013B,西屯區-公有-東興立體P,全年平假日,1,1,1,1,1,1,1,1,全日,00:00,23:59,0
09P0C0014A,豐原區-公有-博愛重劃區P11,全年適用,1,1,1,1,1,1,1,1,全日,00:00,23:59,1
26P0C0001C,霧峰區-公所-本堂公園地下P,全年適用,1,1,1,1,1,1,1,1,全日,00:00,23:59,0
03P0C0001A,南區-公有-大慶P,全年適用,1,1,1,1,1,1,1,1,全日,00:00,23:59,0
28P0C0011A,大里區-公有-立新社區P,全年適用,1,1,1,1,1,1,1,1,全日,00:00,23:59,0
06P0C0009A,西屯區-公有-同心P  ,全年,1,1,1,1,1,1,1,1,全日,00:00,23:59,1
18P0C0004A,大雅區-公有-停六P,全年適用,1,1,1,1,1,1,1,1,全日,00:00,23:59,0
04P0C0001A,西區-公有-(細停178)自立P,全年適用,1,1,1,1,1,1,1,1,全日,00:00,23:59,0
05P0C0015C,北區-公有-雙十國中地下停車場,全年適用,1,1,1,1,1,1,1,1,全日,00:00,23:59,0
08P0C0022A,北屯區-公有-(廣兼停5)祥和P,全年,1,1,1,1,1,1,1,1,全日,00:00,23:59,0
27P0C0010A,太平區-公所-長安P,全年適用,1,1,1,1,1,1,1,1,全日,00:00,23:59,0
03P0C0011A,南區-公有-崇倫北街19巷停車場,全年,1,1,1,1,1,1,1,1,每半小時收費10元 當日最高360元,00:00,23:59,0
18P0C0003A,大雅區-公有-停四P,全年適用,1,1,1,1,1,1,1,1,全日,23:59,00:00,0
03P0C0004C,南區-公有-健康公園地下P,全年平假日,1,1,1,1,1,1,1,1,全日,00:00,23:59,0
02P0C0001A,東區-公有-(停37)忠孝P,全年適用,1,1,1,1,1,1,1,1,全日,00:00,23:59,0
06P0C0024A,西屯區-公有-福順P  ,全年適用,1,1,1,1,1,1,1,1,全日,00:00,23:59,0
02P0C0006A,東區-公有-旱溪P,全年適用,1,1,1,1,1,1,1,1,全日,00:00,23:59,0
28P0C0005A,大里區-公有-鳥竹圍公園P,全年適用,1,1,1,1,1,1,1,1,全日,00:00,23:59,1
08P0C0013C,北屯區-公有-民俗公園地下P,全年,1,1,1,1,1,1,1,1,全日,00:00,23:59,0
04P0C0003B,西區-公有-大益立體P,全年適用,1,1,1,1,1,1,1,1,全日,00:00,00:00,0
03P0C0006A,南區-公有-國資圖P,全年適用,1,1,1,1,1,1,1,1,全日,00:00,23:59,0
28P0C0007A,大里區-公有-公六公園P,全年適用,1,1,1,1,1,1,1,1,全日,00:00,23:59,0
03P0C0002A,南區-公有-南平P,全年適用,1,1,1,1,1,1,1,1,全日,00:00,23:59,0
07P0C0008A,南屯區-公有-南屯P  ,全年,1,1,1,1,1,1,1,1,全日,00:00,23:59,0
08P0C0016A,北屯區-公有-松竹P,全年適用,1,1,1,1,1,1,1,1,全日,00:00,00:00,0
08P0C0027A,北屯區-公有-(廣停5)同榮P,全年,1,1,1,1,1,1,1,1,全日,00:00,23:59,1
09P0M0001A,豐原區-公有-橫街尾P,全年適用,1,1,1,1,1,1,1,1,全日,00:00,00:00,1
28P0C0009A,大里區-公有-立元P,全年適用,1,1,1,1,1,1,1,1,全日,00:00,23:59,0
08P0C0018A,北屯區-公有-軍功P,全年平假日,1,1,1,1,1,1,1,1,全日,00:00,23:59,0
27P0C0008A,太平區-公有-平安廣場P,全年適用,1,1,1,1,1,1,1,1,全日,00:00,23:59,0
04P0C0002A,西區-公有-土庫P,全年適用,1,1,1,1,1,1,1,1,全日,00:00,23:59,0
08P0C0024A,北屯區-公有-(細廣兼停2)長富P,全年,1,1,1,1,1,1,1,1,全日,00:00,23:59,1
07P0C0002A,南屯區-公有-大進P,全年適用,1,1,1,1,1,1,1,1,全日,00:00,23:59,1
09P0C0016C,豐原區-公有-富春國小地下P,全年適用,1,1,1,1,1,1,1,1,全日,00:00,00:00,0
03P0C0007A,南區-公有-崇倫公園附設P,全年適用,1,1,1,1,1,1,1,1,全日,00:00,23:59,1
09P0C0010A,豐原區-公有-葫蘆墩圳平面P8,全年適用,1,1,1,1,1,1,1,1,全日,00:00,23:59,0
08P0C0006A,北屯區-公有-三光P,全年適用,1,1,1,1,1,1,1,1,全日,00:00,23:59,0
06P0C0021A,西屯區-公有-朝富P,全年適用,1,1,1,1,1,1,1,1,全日,00:00,23:59,0
02P0C0002A,東區-公有-(停61)十甲P,全年適用,1,1,1,1,1,1,1,1,全日,00:00,00:00,0
02P0C0004A,東區-公有-三賢P,全年適用,1,1,1,1,1,1,1,1,全日,00:00,23:59,0
07P0C0013A,南屯區-公有-精科P,全年適用,1,1,1,1,1,1,1,1,全日,00:00,23:59,0
05P0C0014C,北區-公有-臺中公園地下P  ,全年,1,1,1,1,1,1,1,1,全日,00:00,23:59,0
09P0C0007A,豐原區-公有-葫蘆墩圳平面P5,全年適用,1,1,1,1,1,1,1,1,全日,00:00,23:59,0
06P0C0025A,西屯區-公有-銀聯三村P,全年適用,1,1,1,1,1,1,1,1,全日,00:00,23:59,0
28P0C0006A,大里區-公有-國光公園P,全年適用,1,1,1,1,1,1,1,1,全日,00:00,23:59,1
08P0C0004A,北屯區-公有-(細廣停2)中平P,全年適用,1,1,1,1,1,1,1,1,全日,00:00,00:00,0
27P0C0007A,太平區-公有-長億P,全年適用,1,1,1,1,1,1,1,1,全日,00:00,23:59,0
04P0C0007A,西區-公有-吉龍P,全年適用,1,1,1,1,1,1,1,1,全日,00:00,23:59,0
02P0C0003A,東區-公有-一心P,全年適用,1,1,1,1,1,1,1,1,全日,00:00,23:59,0
05P0C0008A,北區-公有-武昌P,全年適用,1,1,1,1,1,1,1,1,全日,00:00,23:59,0
08P0C0020A,北屯區-公有-雷中P,全年平假日,1,1,1,1,1,1,1,1,全日,00:00,23:59,0
06P0C0003A,西屯區-公有-下石碑P,全年適用,1,1,1,1,1,1,1,1,全日,00:00,23:59,0
11P0C0003A,大甲區-公有-經國路P,全年適用,1,1,1,1,1,1,1,1,全日,00:00,23:59,0
03P0C0008A,南區-公有-復興P,全年適用,1,1,0,1,1,1,1,1,全日,00:00,23:59,0
18P0C0002A,大雅區-公有-三和公園附屬P,全年適用,1,1,1,1,1,1,1,1,每小時收費20元,00:00,23:59,0
28P0C0012A,大里區-公有-廣兼停五P   ,全年適用,1,1,1,1,1,1,1,1,全日,00:00,23:59,0
05P0C0004A,北區-公有-育強P,全年適用,1,1,1,1,1,1,1,1,全日,00:00,23:59,0
05P0C0013A,北區-公有-新興P,全年適用,1,1,1,1,1,1,1,1,全日,00:00,23:59,0
07P0C0001A,南屯區-公有-三塊厝P,全年適用,1,1,1,1,1,1,1,1,全天候,00:00,23:59,0
27P0C0005A,太平區-公有-新光廣兼停四P,全年適用,1,1,1,1,1,1,1,1,全日,00:00,23:59,0
05P0C0006A,北區-公有-忠明路臨時P,全年適用,1,1,1,1,1,1,1,1,全日,00:00,23:59,0
09P0C0011A,豐原區-公有-葫蘆墩圳平面P9,全年適用,1,1,1,1,1,1,1,1,全日,00:00,23:59,0
28P0C0013A,大里區-公有-廣兼停六P   ,全年適用,1,1,1,1,1,1,1,1,全日,00:00,23:59,0
07P0C0016A,南屯區-公有-豐功P,全年適用,1,1,1,1,1,1,1,1,全日,00:00,00:00,0
27P0C0011A,太平區-公所-馬卡龍公園P,全年適用,1,1,1,1,1,1,1,1,全日,00:00,23:59,0
28P0C0003A,大里區-公有-仁興P,全年適用,1,1,1,1,1,1,1,1,全日,00:00,23:59,0
08P0C0028A,北屯區-公有-平德停車場,全年無休,1,1,1,1,1,1,1,1,全日,00:00,23:59,0
09P0C0012A,豐原區-公有-北陽路P,全年適用,1,1,1,1,1,1,1,1,全日,00:00,00:00,0
08P0C0010A,北屯區-公有-仁德P,全年適用,1,1,1,1,1,1,1,1,全日,00:00,00:00,0
07P0C0006A,南屯區-公有-文昌P,全年適用,1,1,1,1,1,1,1,1,全日,00:00,23:59,0
05P0C0010A,北區-公有-金龍P,全年適用,1,1,1,1,1,1,1,1,全日,00:00,23:59,0
04P0C0014A,西區-公有-藍興P,全年適用,1,1,1,1,1,1,1,1,全日,00:00,23:59,0
07P0C0017A,南屯區-公有-豐樂P,全年適用,1,1,1,1,1,1,1,1,全日,00:00,00:00,0
09P0C0017A,豐原區-公有-環北站P,全年適用,1,1,1,1,1,1,1,1,全日,00:00,00:00,0
05P0C0012A,北區-公有-健行P,全年適用,1,1,1,1,1,1,1,1,全日,00:00,23:59,0
04P0C0006A,西區-公有-光明P,全年適用,1,1,1,1,1,1,1,1,全日,00:00,23:59,0
04P0C0016C,西區-公有-忠明公園地下停車場,全年適用,1,1,1,1,1,1,1,1,全日,00:00,23:59,0
05P0C0002A,北區-公有-中賓P,全年適用,1,1,1,1,1,1,1,1,全日,00:00,23:59,0
28P0C0008A,大里區-公有-國光花市P,全年適用,1,1,1,1,1,1,1,1,全日,00:00,23:59,0
06P0C0030A,西屯區-公有-中央公園北側P,全年適用,1,1,1,1,1,1,1,1,全日,00:00,23:59,0
06P0C0010A,西屯區-公有-何厝P,全年適用,1,1,1,1,1,1,1,1,全日,00:00,23:59,0
06P0C0008A,西屯區-公有-弘孝P  ,全年,1,1,1,1,1,1,1,1,全日,00:00,23:59,0
07P0C0004C,南屯區-公有-大墩國中地下P,全年適用,1,1,1,1,1,1,1,1,全天候,00:00,23:59,0
04P0C0008A,西區-公有-林森P,全年適用,1,1,1,1,1,1,1,1,全日,00:00,23:59,1
05P0C0019C,北區-獎參-中正公園地下停車場,全年適用,1,1,1,1,1,1,1,1,全日,00:00,23:59,0
09P0C0009A,豐原區-公有-葫蘆墩圳平面P7,全年適用,1,1,1,1,1,1,1,1,全日,00:00,23:59,0
07P0C0018B,南屯區-公有-正心立體停車場,全年適用,1,1,1,1,1,1,1,1,全日,00:00,23:59,0
08P0C0012A,北屯區-公有-天祥P,全年適用,1,1,1,1,1,1,1,1,全日,00:00,23:59,0
06P0C0023A,西屯區-公有-福恩P,全年適用,1,1,1,1,1,1,1,1,全日,00:00,23:59,0
18P0C0001B,大雅區-公有-停一立體P,全年適用,1,1,1,1,1,1,1,1,全日,00:00,23:59,0
08P0C0009A,北屯區-公有-中興網球附設P,全年適用,1,1,1,1,1,1,1,1,全日,00:00,23:59,0
07P0C0010A,南屯區-公有-馬祖P,全年適用,1,1,1,1,1,1,1,1,全日,00:00,23:59,0
27P0C0001A,太平區-公有-坪林森林附屬P,全年適用,1,1,1,1,1,1,1,1,全日,00:00,23:59,1
06P0C0018B,西屯區-公有-惠來立體P,全年適用,1,1,1,1,1,1,1,1,全日,00:00,23:59,0
08P0C0025A,北屯區-公有-(廣兼停7)南興P,全年,1,1,1,1,1,1,1,1,全日,00:00,23:59,1
28P0C0010A,大里區-公有-仁堤P,全年適用,1,1,1,1,1,1,1,1,全日,00:00,23:59,1
03P0C0010A,南區-公有-樹德P,全年適用,1,1,1,1,1,1,1,1,全日,00:00,23:59,0
08P0C0019A,北屯區-公有-軍福P,全年平假日,1,1,1,1,1,1,1,1,全日,00:00,23:59,0
05P0C0003A,北區-公有-中德P,全年適用,1,1,1,1,1,1,1,1,全日,00:00,23:59,0
09P0C0005A,豐原區-公有-葫蘆墩圳平面P3,全年適用,1,1,1,1,1,1,1,1,全日,00:00,23:59,0
28P0C0001C,大里區-公有-大里運動公園地下P,全年適用,1,1,1,1,1,1,1,1,全日,00:00,23:59,0
06P0C0031A,西屯區-公有-中央公園南側P,全年適用,1,1,1,1,1,1,1,1,全日,00:00,23:59,0
04P0C0015A,西區-公有-雙龍P,全年適用,1,1,1,1,1,1,1,1,全年,00:00,23:59,0
27P0C0012A,太平區-公所-祥順運動公園P,全年適用,1,1,1,1,1,1,1,1,全日,00:00,23:59,0
03P0M0001A,南區-公有-建國北P,全年適用,1,1,1,1,1,1,1,1,全日,00:00,23:59,0
28P0C0014A,大里區-公有-廣兼停八P   ,全年適用,1,1,1,1,1,1,1,1,全日,00:00,23:59,1
03P0C0003A,南區-公有-城隍P,全年適用,1,1,1,1,1,1,1,1,全日,00:00,23:59,0
05P0C0011A,北區-公有-建成P,全年適用,1,1,1,1,1,1,1,1,全日,00:00,23:59,0
06P0C0022A,西屯區-公有-福安P,全年適用,1,1,1,1,1,1,1,1,全日,00:00,23:59,0
06P0C0015A,西屯區-公有-馬龍潭P,全年,1,1,1,1,1,1,1,1,全日,00:00,23:59,0
07P0C0014A,南屯區-公有-黎明P,全年適用,1,1,1,1,1,1,1,1,全日,00:00,23:59,0
09P0C0013A,豐原區-公有-廣兼停二P,全年適用,1,1,1,1,1,1,1,1,全日,00:00,23:59,0
05P0C0005A,北區-公有-育樂P,全年適用,1,1,1,1,1,1,1,1,全日,00:00,23:59,0
07P0C0012A,南屯區-公有-新厝P,全年適用,1,1,1,1,1,1,1,1,全天候,00:00,23:59,0
08P0C0011A,北屯區-公有-天津P,全年適用,1,1,1,1,1,1,1,1,全日,00:00,00:00,0
06P0C0026A,西屯區-公有-櫻花P  ,全年,1,1,1,1,1,1,1,1,全日,00:00,23:59,0
02P0M0002A,東區-公有-舊建國市場臨時P,全年適用,1,1,1,1,1,1,1,1,全日,00:00,23:59,0
27P0C0009A,太平區-公有-育賢P,全年適用,1,1,1,1,1,1,1,1,全日,00:00,00:00,0
05P0C0016A,北區-公有-福音停車場,全年,1,1,1,1,1,1,1,1,全日,08:00,08:00,0
06P0C0012A,西屯區-公有-忠義P  ,全年,1,1,1,1,1,1,1,1,全日,00:00,23:59,0
28P0C0004A,大里區-公有-大新P,全年適用,1,1,1,1,1,1,1,1,全日,00:00,23:59,0
07P0C0011A,南屯區-公有-惠文P,全年適用,1,1,1,1,1,1,1,1,全日,00:00,23:59,0
27P0C0004A,太平區-公有-新光廣兼停一P,全年適用,1,1,1,1,1,1,1,1,全日,00:00,23:59,0
05P0C0009A,北區-公有-金華P,全年適用,1,1,1,1,1,1,1,1,全日,00:00,23:59,0
47940406,林默娘停車場,,1,1,1,1,1,1,1,1,全時段營業,00:00,00:00,0
85744208,崇善路龍山停車場,,1,1,1,1,1,1,1,1,全時段營業,00:00,00:00,0
88909858,復興停車場,,1,1,1,1,1,1,1,1,全時段營業,00:00,00:00,0
85766482-2,南科西側停車場,,1,1,1,1,1,1,1,1,全時段營業,00:00,00:00,0
47940378,水景停車場,,1,1,1,1,1,1,1,1,全時段營業,00:00,00:00,0
47847561,新營綠都心停車場,,1,1,1,1,1,1,1,1,全時段營業,00:00,00:00,0
81290486,長榮崇明停車場,,1,1,1,1,1,1,1,1,全時段營業,00:00,00:00,0
89096035,和平公園停車場,,1,1,1,1,1,1,1,1,全時段營業,,,0
47862936,公園南路停車場,,1,1,1,1,1,1,1,1,全時段營業,00:00,00:00,0
40814707,東光路地下停車場,,1,1,1,1,1,1,1,1,全時段營業,00:00,00:00,0
89022098,新市富中停車場,,1,1,1,1,1,1,1,1,全時段營業,00:00,00:00,0
97100722,臺南航空站旅客停車場,,1,1,1,1,1,1,1,1,07:00-20:00,07:00,20:00,0
47931027,北安停車場,,1,1,1,1,1,1,1,1,全時段營業,00:00,00:00,0
54555420,海安地下停車場,,1,1,1,1,1,1,1,1,全時段營業,00:00,00:00,0
47911872,崇明E6停車場,,1,1,1,1,1,1,1,1,全時段營業,00:00,00:00,0
88908324,目加溜灣橋下停車場,,1,1,1,1,1,1,1,1,全時段營業,00:00,00:00,0
81401856,裕文停車場,,1,1,1,1,1,1,1,1,全時段營業,00:00,00:00,0
81339426,泉南里停車場,,1,1,1,1,1,1,1,1,全時段營業,00:00,00:00,0
85585519,永福停車場,,1,1,1,1,1,1,1,1,全時段營業,00:00,00:00,0
88908318,臺鐵南科車站西側(第二區)停車場,,1,1,1,1,1,1,1,1,全時段營業,00:00,00:00,0
81401820,華平二停車場,,1,1,1,1,1,1,1,1,全時段營業,00:00,00:00,0
37709940,五都停車場高鐵台南二站,,1,1,1,1,1,1,1,1,全時段營業,00:00,00:00,0
81319060,富北停車場,,1,1,1,1,1,1,1,1,全時段營業,00:00,00:00,0
81290514,東橋八街停車場,,1,1,1,1,1,1,1,1,全時段營業,00:00,00:00,0
47911795,崇明E37停車場,,1,1,1,1,1,1,1,1,全時段營業,00:00,00:00,0
81319364,水交社停車場,,1,1,1,1,1,1,1,1,全時段營業,00:00,00:00,0
81401841,立德停車場,,1,1,1,1,1,1,1,1,全時段營業,00:00,00:00,0
89038628,友愛街機車停車場,,1,1,1,1,1,1,1,1,全時段營業,00:00,00:00,0
81386285,永康大橋後站停車場,,1,1,1,1,1,1,1,1,全時段營業,00:00,00:00,0
81946029,兵仔市停車場,,1,1,1,1,1,1,1,1,全時段營業,00:00,00:00,0
47940399-2,港濱停車場 (第二區),,1,1,1,1,1,1,1,1,全時段營業,00:00,00:00,0
81290471,民生路停車場,,1,1,1,1,1,1,1,1,全時段營業,00:00,00:00,0
85567580,興濟二站停車場,,1,1,1,1,1,1,1,1,全時段營業,00:00,00:00,0
81496017,五都停車場台南車寶貝站,,1,1,1,1,1,1,1,1,全時段營業,00:00,00:00,0
10740980,建業停車場,,1,1,1,1,1,1,1,1,全時段營業,00:00,00:00,0
89021751,台南府連停車場,,1,1,1,1,1,1,1,1,全時段營業,00:00,00:00,0
47862942,西門育賢停車場,,1,1,1,1,1,1,1,1,全時段營業,00:00,00:00,0
88915991,善化中正停車場,,1,1,1,1,1,1,1,1,全時段營業,00:00,00:00,0
47911818,和平公園停車場,,1,1,1,1,1,1,1,1,全時段營業,00:00,00:00,0
81613227,台南健康停車場,,1,1,1,1,1,1,1,1,全時段營業,00:00,00:00,0
47847561-A,大宏社區停車場,,1,1,1,1,1,1,1,1,全時段營業,00:00,00:00,0
47927760,關聖里停車場,,1,1,1,1,1,1,1,1,全時段營業,00:00,00:00,0
40856918,廣二機車停車場,,1,1,1,1,1,1,1,1,全時段營業,00:00,00:00,0
47927776,台南南一停車場,,1,1,1,1,1,1,1,1,全時段營業,00:00,00:00,0
89050713,平實公園地下停車場,,1,1,1,1,1,1,1,1,全時段營業,00:00,00:00,0
88864091,成大勝利停車場,,1,1,1,1,1,1,1,1,全時段營業,00:00,00:00,0
47940383,億載停車場,,1,1,1,1,1,1,1,1,全時段營業,00:00,00:00,0
47939674,大學路(社E2)停車場,,1,1,1,1,1,1,1,1,全時段營業,00:00,00:00,0
47885804,萬昌停車場,,1,1,1,1,1,1,1,1,全時段營業,00:00,00:00,0
85766716-2,富安三街停車場,,1,1,1,1,1,1,1,1,全時段營業,00:00,00:00,0
37695615,五都停車場高鐵台南站,,1,1,1,1,1,1,1,1,全時段營業,00:00,00:00,0
81368744,東興停車場,,1,1,1,1,1,1,1,1,全時段營業,00:00,00:00,0
85766716-1,富中街停車場,,1,1,1,1,1,1,1,1,全時段營業,00:00,00:00,0
47885810,環河停車場,,1,1,1,1,1,1,1,1,全時段營業,00:00,00:00,0
47911839,德光公園停車場,,1,1,1,1,1,1,1,1,全時段營業,00:00,00:00,0
88918738,新營和平停車場,,1,1,1,1,1,1,1,1,全時段營業,00:00,00:00,0
89049982,台南會展中心停車場,,1,1,1,1,1,1,1,1,全時段營業,00:00,00:00,0
47931011,西華停車場,,1,1,1,1,1,1,1,1,全時段營業,00:00,00:00,0
81320382,大學路社E1停車場,,1,1,1,1,1,1,1,1,全時段營業,00:00,00:00,0
37621369,高鐵橋下台南停車場,,1,1,1,1,1,1,1,1,全時段營業,00:00,00:00,0
88908204,LM陽光電城停車場,,1,1,1,1,1,1,1,1,全時段營業,00:00,00:00,0
85766482-1,南科東側停車場,,1,1,1,1,1,1,1,1,全時段營業,00:00,00:00,0
88909843,復華一街停車場,,1,1,1,1,1,1,1,1,全時段營業,00:00,00:00,0
89050734,大道停6停車場,,1,1,1,1,1,1,1,1,全時段營業,00:00,00:00,0
89050740,北園公兒停車場,,1,1,1,1,1,1,1,1,全時段營業,00:00,00:00,0
81305474,永福路停車場,,1,1,1,1,1,1,1,1,全時段營業,00:00,00:00,0
47940399-1,港濱停車場 (第一區),,1,1,1,1,1,1,1,1,全時段營業,00:00,00:00,0
47882362,榮譽街停車場,,1,1,1,1,1,1,1,1,全時段營業,00:00,00:00,0
89050973,中華路58巷停車場,,1,1,1,1,1,1,1,1,全時段營業,00:00,00:00,0
89050848,運河星鑽停車場,,1,1,1,1,1,1,1,1,全時段營業,00:00,00:00,0
81305489,民族路停車場,,1,1,1,1,1,1,1,1,全時段營業,00:00,00:00,0
47941279,永華停車場,,1,1,1,1,1,1,1,1,全時段營業,00:00,00:00,0
021,前港公園地下停車場,,1,1,1,1,1,1,1,0,24小時,00:00,23:59,0
022,五分埔公園地下停車場,,1,1,1,1,1,1,1,0,24小時,00:00,23:59,0
001,府前廣場地下停車場,,1,1,1,1,1,1,1,0,24小時,00:00,23:59,0
078,洲子立體停車場,,1,1,1,1,1,1,1,0,24小時,00:00,23:59,0
054,北寧路地下停車場,,1,1,1,1,1,1,1,0,24小時,00:00,23:59,0
120,世貿公園地下停車場,,1,1,1,1,1,1,1,0,24小時,00:00,23:59,0
007,萬華國中地下停車場,,1,1,1,1,1,1,1,0,24小時,00:00,23:59,0
089,春光公園地下停車場,,1,1,1,1,1,1,1,0,24小時,00:00,23:59,0
372,八德立體停車場,,1,1,1,1,1,1,1,0,24小時,00:00,23:59,0
107,信義國小地下停車場,,1,1,1,1,1,1,1,0,24小時,00:00,23:59,0
067,雙園國中地下停車場,,1,1,1,1,1,1,1,0,24小時,00:00,23:59,0
060,台北時代寓所地下平面停車場,,1,1,1,1,1,1,1,0,24小時,00:00,23:59,0
029,東湖國小地下停車場,,1,1,1,1,1,1,1,0,24小時,00:00,23:59,0
043,興中立體停車場,,1,1,1,1,1,1,1,0,24小時,00:00,23:59,0
033,進安公園地下停車場,,1,1,1,1,1,1,1,0,24小時,00:00,23:59,0
035,成淵高中地下停車場,,1,1,1,1,1,1,1,0,24小時,00:00,23:59,0
030,大稻埕公園地下停車場,,1,1,1,1,1,1,1,0,24小時,00:00,23:59,0
092,濱江國中地下停車場,,1,1,1,1,1,1,1,0,24小時,00:00,23:59,0
062,忠孝玉成停車場,,1,1,1,1,1,1,1,0,24小時,00:00,23:59,0
097,海光公園地下停車場,,1,1,1,1,1,1,1,0,24小時,00:00,23:59,0
038,成德立體停車場,,1,1,1,1,1,1,1,0,24小時,00:00,23:59,0
188,松山車站地下停車場,,1,1,1,1,1,1,1,0,24小時,00:00,23:59,0
119,大龍國小地下停車場,,1,1,1,1,1,1,1,0,24小時,00:00,23:59,0
249,啟聰學校地下停車場,,1,1,1,1,1,1,1,0,24小時,00:00,23:59,0
053,民生立體停車場,,1,1,1,1,1,1,1,0,24小時,00:00,23:59,0
048,信義廣場地下停車場,,1,1,1,1,1,1,1,0,24小時,00:00,23:59,0
113,興隆公園地下停車場,,1,1,1,1,1,1,1,0,24小時,00:00,23:59,0
088,三張里地下停車場,,1,1,1,1,1,1,1,0,24小時,00:00,23:59,0
086,振興公園地下停車場,,1,1,1,1,1,1,1,0,24小時,00:00,23:59,0
019,塔城公園地下停車場,,1,1,1,1,1,1,1,0,24小時,00:00,23:59,0
099,長安國小地下停車場,,1,1,1,1,1,1,1,0,24小時,00:00,23:59,0
056,大安森林公園地下停車場,,1,1,1,1,1,1,1,0,24小時,00:00,23:59,0
229,歐特儀股份有限公司捷運石牌站轉乘停車場,,1,1,1,1,1,1,1,0,24小時,00:00,23:59,0
109,湖興立體停車場,,1,1,1,1,1,1,1,0,24小時,00:00,23:59,0
098,港富立體停車場,,1,1,1,1,1,1,1,0,24小時,00:00,23:59,0
103,南港國小地下停車場,,1,1,1,1,1,1,1,0,24小時,00:00,23:59,0
084,麗湖國小地下停車場,,1,1,1,1,1,1,1,0,24小時,00:00,23:59,0
024,金華公園地下停車場,,1,1,1,1,1,1,1,0,24小時,00:00,23:59,0
066,揚雅立體停車場,,1,1,1,1,1,1,1,0,6-22(22-6停止進出),00:00,23:59,0
193,松山國小地下停車場,,1,1,1,1,1,1,1,0,24小時,00:00,23:59,0
002,松壽廣場地下停車場,,1,1,1,1,1,1,1,0,24小時,00:00,23:59,0
195,新糖廍公園地下停車場,,1,1,1,1,1,1,1,0,24小時,00:00,23:59,0
106,蓬萊國小地下停車場,,1,1,1,1,1,1,1,0,24小時,00:00,23:59,0
040,健康國小地下停車場,,1,1,1,1,1,1,1,0,24小時,00:00,23:59,0
020,百齡高中地下停車場,,1,1,1,1,1,1,1,0,24小時,00:00,23:59,0
057,市民大道(公中段),,1,1,1,1,1,1,1,0,24小時,00:00,23:59,0
005,立農公園地下停車場,,1,1,1,1,1,1,1,0,24小時,00:00,23:59,0
023,民權公園地下停車場,,1,1,1,1,1,1,1,0,24小時,00:00,23:59,0
058,市民大道(中林段),,1,1,1,1,1,1,1,0,24小時,00:00,23:59,0
049,大業立體停車場,,1,1,1,1,1,1,1,0,24小時,00:00,23:59,0
016,中山堂地下停車場,,1,1,1,1,1,1,1,0,24小時,00:00,23:59,0
028,松山高中地下停車場,,1,1,1,1,1,1,1,0,24小時,00:00,23:59,0
075,中崙高中地下停車場,,1,1,1,1,1,1,1,0,24小時,00:00,23:59,0
080,龍門國中地下停車場,,1,1,1,1,1,1,1,0,24小時,00:00,23:59,0
037,大安高工地下停車場,,1,1,1,1,1,1,1,0,24小時,00:00,23:59,0
096,石牌國小地下停車場,,1,1,1,1,1,1,1,0,24小時,00:00,23:59,0
074,偶戲博物館地下停車場,,1,1,1,1,1,1,1,0,24小時,00:00,23:59,0
036,大豐公園地下停車場,,1,1,1,1,1,1,1,0,24小時,00:00,23:59,0
114,景美國小地下停車場,,1,1,1,1,1,1,1,0,24小時,00:00,23:59,0
042,建成國中地下停車場,,1,1,1,1,1,1,1,0,24小時,00:00,23:59,0
129,西康地下停車場,,1,1,1,1,1,1,1,0,24小時,00:00,23:59,0
070,榮星花園地下停車場,,1,1,1,1,1,1,1,0,24小時,00:00,23:59,0
072,福林公園地下停車場,,1,1,1,1,1,1,1,0,24小時,00:00,23:59,0
105,玉成國小地下停車場,,1,1,1,1,1,1,1,0,24小時,00:00,23:59,0
003,臺北市災害應變中心地下停車場,,1,1,1,1,1,1,1,0,24小時,00:00,23:59,0
069,青年公園棒球場地下停車場,,1,1,1,1,1,1,1,0,24小時,00:00,23:59,0
052,民生社區活動中心地下停車場,,1,1,1,1,1,1,1,0,24小時,00:00,23:59,0
111,蘭雅公園地下停車場,,1,1,1,1,1,1,1,0,24小時,00:00,23:59,0
041,忠信地下停車場,,1,1,1,1,1,1,1,0,24小時,00:00,23:59,0
068,文昌國小地下停車場,,1,1,1,1,1,1,1,0,24小時,00:00,23:59,0
124,社子國小地下停車場,,1,1,1,1,1,1,1,0,24小時,00:00,23:59,0
081,康樂立體停車場,,1,1,1,1,1,1,1,0,24小時,00:00,23:59,0
085,臺北花木批發市場地下停車場,,1,1,1,1,1,1,1,0,24小時,00:00,23:59,0
018,洛陽綜合立體停車場,,1,1,1,1,1,1,1,0,24小時,00:00,23:59,0
044,青年公園高爾夫球場地下停車場,,1,1,1,1,1,1,1,0,24小時,00:00,23:59,0
034,辛亥國小地下停車場,,1,1,1,1,1,1,1,0,24小時,00:00,23:59,0
014,興雅國中地下停車場,,1,1,1,1,1,1,1,0,24小時,00:00,23:59,0
093,建成公園地下停車場,,1,1,1,1,1,1,1,0,24小時,00:00,23:59,0
027,景華公園地下停車場,,1,1,1,1,1,1,1,0,24小時,00:00,23:59,0
082,永盛公園地下停車場,,1,1,1,1,1,1,1,0,24小時,00:00,23:59,0
039,社園立體停車場,,1,1,1,1,1,1,1,0,24小時,00:00,23:59,0
032,西松高中地下停車場,,1,1,1,1,1,1,1,0,24小時,00:00,23:59,0
015,峨眉立體停車場,,1,1,1,1,1,1,1,0,24小時,00:00,23:59,0
079,僑安地下停車場,,1,1,1,1,1,1,1,0,24小時,00:00,23:59,0
073,林森公園地下停車場,,1,1,1,1,1,1,1,0,24小時,00:00,23:59,0
165,玉成公園地下停車場,,1,1,1,1,1,1,1,0,24小時,00:00,23:59,0
128,萬興國小地下停車場,,1,1,1,1,1,1,1,0,24小時,00:00,23:59,0
187,松山工農地下停車場,,1,1,1,1,1,1,1,0,24小時,00:00,23:59,0
025,古亭國中地下停車場,,1,1,1,1,1,1,1,0,24小時,00:00,23:59,0
071,朝陽公園地下停車場,,1,1,1,1,1,1,1,0,24小時,00:00,23:59,0
059,市民大道(林金段),,1,1,1,1,1,1,1,0,24小時,00:00,23:59,0
100,臺北榮民總醫院地面停車場,,1,1,1,1,1,1,1,0,24小時,00:00,23:59,0
087,民有市場地下停車場,,1,1,1,1,1,1,1,0,24小時,00:00,23:59,0
031,附中公園地下停車場,,1,1,1,1,1,1,1,0,24小時,00:00,23:59,0
055,市民大道(塔城段),,1,1,1,1,1,1,1,0,24小時,00:00,23:59,0
090,萬板地下停車場,,1,1,1,1,1,1,1,0,24小時,00:00,23:59,0
102,承德公園地下停車場,,1,1,1,1,1,1,1,0,24小時,00:00,23:59,0
TTT016,長濱鄉壹號停車場,平日,1,1,1,1,1,1,1,1,全年無休,00:00,00:00,0
TTT010,台東火車站四處路外停車場(A區),平假日/國定假日全天侯服務,1,1,1,1,1,1,1,1,全天侯,00:00,00:00,0
TTT019,台東新生地下停車場,全年適用,1,1,1,1,1,1,1,1,全日,00:00,23:59,1
AO090004,桃園太武新村停車場,全年適用,1,1,1,1,1,1,1,1,全日,00:00,23:59,0
AO010027,中路停一停車場,全年適用,1,1,1,1,1,1,1,1,全日,00:00,23:59,0
AO080014,埔心車站後站停車場,全年適用,1,1,1,1,1,1,1,1,全日,00:00,23:59,0
AO100004,大園區停三停車場,全年適用,1,1,1,1,1,1,1,1,全日,00:00,23:59,1
AO020036,文化公園停車場,全年適用,1,1,1,1,1,1,1,1,全日,00:00,23:59,0
AO060006,新榮平面停車場,全年適用,1,1,1,1,1,1,1,1,全日,00:00,23:59,1
AO060004,上海平面停車場,全年適用,1,1,1,1,1,1,1,1,全日,00:00,23:59,0
AO020040,大江公有停車場,全年,1,1,1,1,1,1,1,1,全日,00:00,23:59,1
AO010016,桃園新站停車場,全年適用,1,1,1,1,1,1,1,1,全日,00:00,23:59,0
AO060007,大興平面停車場,全年適用,1,1,1,1,1,1,1,1,全日,00:00,23:59,1
AO010030,中路停六停車場,全年適用,1,1,1,1,1,1,1,1,全日,00:00,23:59,0
AO070013,八德區永福停車場,全年適用,1,1,1,1,1,1,1,1,全日,00:00,23:59,0
AO070018,永豐路停車場,全年適用,1,1,1,1,1,1,1,1,全日,00:00,23:59,1
AO070017,明光街停車場,全年適用,1,1,1,1,1,1,1,1,全日,00:00,23:59,0
AO020011,南園停車場,全日,1,1,1,1,1,1,1,1,全日,00:00,23:59,0
AO100007,大園區停六停車場,全年適用,1,1,1,1,1,1,1,1,全日,00:00,23:59,1
AO020003,中壢忠孝站,全年適用,1,1,1,1,1,1,1,1,全日,00:00,23:59,0
AO030002,停五停車場,全年適用,1,1,1,1,1,1,1,1,全日,00:00,23:59,0
AO060012,1895乙未保臺紀念公園地下停車場,全年適用,1,1,1,1,1,1,1,1,全日,00:00,23:59,0
AO020016,永春停車場,全日,1,1,1,1,1,1,1,1,全日,00:00,23:59,1
AO080017,  五福公園停車場 ,全年適用,1,1,1,1,1,1,1,1,全日,00:00,23:59,0
AO050001,東龍停車場,全年適用,1,1,1,1,1,1,1,1,全日,00:00,23:59,0
AO080004,梅高停車場,全年適用,1,1,1,1,1,1,1,1,全日,00:00,23:59,0
AO060002,廣南平面停車場,全年適用,1,1,1,1,1,1,1,1,全日,00:00,23:59,0
AO030004,市十三停車場,全年適用,1,1,1,1,1,1,1,1,每小時10元，當日最高優惠80元,00:00,23:59,0
AO020009,廣停一停車場,全日,1,1,1,1,1,1,1,1,全日,00:00,23:59,0
AO040006,南崁廣停一平面停車場,全年適用,1,1,1,1,1,1,1,1,全日,00:00,23:59,0
AO010008,三聖停車場,全年適用,1,1,1,1,1,1,1,1,全日,00:00,23:59,0
AO030007,中興里停車場,全年適用,1,1,1,1,1,1,1,1,月租5000/季繳,00:00,23:59,0
AO010024,新民立體停車場,全年適用,1,1,1,1,1,1,1,1,全日,00:00,23:59,0
AO080001,新成立體停車場,全年適用,1,1,1,1,1,1,1,1,全日,00:00,23:59,0
AO060003,廣北平面停車場,全年適用,1,1,1,1,1,1,1,1,全日,00:00,23:59,1
AO010003,水汴頭平面停車場,全年適用,1,1,1,1,1,1,1,1,全日,00:00,23:59,0
AO060011,中正公有停車場,全年適用,1,1,1,1,1,1,1,1,全日,00:00,23:59,0
AO020039,中壢石頭段停車場,全年適用,1,1,1,1,1,1,1,1,全日,00:00,23:59,0
AO090001,長興停車場,全年適用,1,1,1,1,1,1,1,1,全日,00:00,23:59,0
AO040001,南崁公一地下停車場,全年適用,1,1,1,1,1,1,1,1,全日,00:00,23:59,0
AO020006,中壢莊敬站,全年適用,1,1,1,1,1,1,1,1,全日,00:00,23:59,0
AO010037,廈門立體停車場,全年無休,1,1,1,1,1,1,1,1,全日,00:00,23:59,0
AO020013,青昇停車場,全日,1,1,1,1,1,1,1,1,全日,00:00,23:59,1
AO010004,建國停車場,全年適用,1,1,1,1,1,1,1,1,全日,00:00,23:59,0
AO070001,大忠地下停車場,全年適用,1,1,1,1,1,1,1,1,全日,00:00,23:59,0
AO020028,中央地下停車場,全年適用,1,1,1,1,1,1,1,1,全日,00:00,23:59,0
AO070012,大湳公有停車場,全年適用,1,1,1,1,1,1,1,1,全日,00:00,23:59,0
AO010019,文小二停車場,全年適用,1,1,1,1,1,1,1,1,全日,00:00,23:59,0
AO010035,創新園區二期停車場,全年適用,1,1,1,1,1,1,1,1,全日,00:00,23:59,0
AO010010,大檜溪公園地下室停車場,全年適用,1,1,1,1,1,1,1,1,全日,00:00,23:59,0
AO070004,廣豐二停車場,全年適用,1,1,1,1,1,1,1,1,全日,00:00,23:59,0
AO040007,南崁廣停二平面停車場,全年適用,1,1,1,1,1,1,1,1,全日,00:00,23:59,0
AO010032,新永和停車場,全年適用,1,1,1,1,1,1,1,1,全日,00:00,23:59,0
AO080016,瑞坪停車場,全年適用,1,1,1,1,1,1,1,1,全日,00:00,23:59,0
AO010001,西門地下停車場,全年適用,1,1,1,1,1,1,1,1,全日,00:00,23:59,0
AO060001,貿東停車場,全年適用,1,1,1,1,1,1,1,1,全日,00:00,23:59,0
AO080015,埔心公園停車場,全年適用,1,1,1,1,1,1,1,1,全日,00:00,23:59,0
AO020012,正光二街停車場,全日,1,1,1,1,1,1,1,1,全日,00:00,23:59,0
AO080013,瑞塘停車場,全年適用,1,1,1,1,1,1,1,1,全日,00:00,23:59,0
AO070011,八德區瑞祥停車場,全年適用,1,1,1,1,1,1,1,1,全日,00:00,23:59,0
AO020038,中壢區五福停車場,全年適用,1,1,1,1,1,1,1,1,全日,00:00,23:59,0
AO080005,永福停車場,全年適用,1,1,1,1,1,1,1,1,全日,00:00,23:59,0
AO010026,武陵小段停車場,全年適用,1,1,1,1,1,1,1,1,全日,00:00,23:59,0
AO070005,大和段停車場,全年適用,1,1,1,1,1,1,1,1,全日,00:00,23:59,0
AO070010,和義二停車場,全年適用,1,1,1,1,1,1,1,1,全日,00:00,23:59,0
AO100006,大園區停五停車場,全年適用,1,1,1,1,1,1,1,1,全日,00:00,23:59,1
AO070009,和義一停車場,全年適用,1,1,1,1,1,1,1,1,全日,00:00,23:59,1
AO060010,忠貞三公有停車場,全年適用,1,1,1,1,1,1,1,1,全日,00:00,23:59,0
AO020017,延平立體停車場,全日,1,1,1,1,1,1,1,1,全日,00:00,23:59,0
AO020001,中壢忠孝黃昏市場站,全年適用,1,1,1,1,1,1,1,1,全日,00:00,23:59,0
AO020005,中壢內壢站,全年適用,1,1,1,1,1,1,1,1,全日,00:00,23:59,0
AO010023,虎頭山停車場,全年適用,1,1,1,1,1,1,1,1,全日,00:00,23:59,0
AO010018,東門溪停車場,全年適用,1,1,1,1,1,1,1,1,全日,00:00,00:00,0
AO020025,新明國小地下停車場,全年適用,1,1,1,1,1,1,1,1,全日,00:00,23:59,0
AO050002,運動公園平面停車場,全年適用,1,1,1,1,1,1,1,1,全日,00:00,23:59,0
AO020019,中原國小地下停車場,全年適用,1,1,1,1,1,1,1,1,臨停30元/時、進場未滿30分鐘免費、月租3600元,00:00,23:59,0
AO020022,龍岡停車場,全年適用,1,1,1,1,1,1,1,1,全日,00:00,23:59,0
AO020015,站前西停車場,全日,1,1,1,1,1,1,1,1,全日,00:00,23:59,1
AO020035,大華段公有停車場,全年適用,1,1,1,1,1,1,1,1,全日,00:00,23:59,0
AO020010,坤慶公園地下停車場,全日,1,1,1,1,1,1,1,1,全日,00:00,23:59,0
AO080006,大模停車場,全年適用,1,1,1,1,1,1,1,1,全日,00:00,23:59,0
AO020014,站前東停車場,全日,1,1,1,1,1,1,1,1,全日,00:00,23:59,0
AO020030,青雲公有停車場,全年適用,1,1,1,1,1,1,1,1,全日,00:00,23:59,1
AO010006,龍安一停車場,全年適用,1,1,1,1,1,1,1,1,全日,00:00,23:59,0
AO020027,永發停車場,全年適用,1,1,1,1,1,1,1,1,全日,00:00,23:59,0
AO020004,中壢復華站,全年適用,1,1,1,1,1,1,1,1,全日,00:00,23:59,0
AO020031,青商公有停車場,全年適用,1,1,1,1,1,1,1,1,全日,00:00,23:59,1
AO050003,龍華公有停車場,全年適用,1,1,1,1,1,1,1,1,全日,00:00,23:59,0
AO010033,桃園文昌公園地下停車場,全年適用,1,1,1,1,1,1,1,1,全日,00:00,23:59,0
AO020020,中鑄停車場,全年適用,1,1,1,1,1,1,1,1,臨停30元/時、進場未滿30分鐘免費、月租3600元,00:00,23:59,0
AO030006,善捷段停車場,全年適用,1,1,1,1,1,1,1,1,每小時20元，進場12小時優惠80元,00:00,23:59,0
AO070006,文昌街停車場,全年適用,1,1,1,1,1,1,1,1,全日,00:00,23:59,0
AO030001,嘟嘟房龜山公所站停車場,全年,1,1,1,1,1,1,1,1,全日,00:00,23:59,1
AO060005,大連平面停車場,全年適用,1,1,1,1,1,1,1,1,全日,00:00,23:59,0
AO020007,中壢自強立體停車場,全年適用,1,1,1,1,1,1,1,1,全日,00:00,23:59,0
AO060008,坤慶平面停車場,全年適用,1,1,1,1,1,1,1,1,全日,00:00,23:59,0
AO010021,殯葬園區停車場,全年適用,1,1,1,1,1,1,1,1,全日,00:00,23:59,0
AO070016,豐田停車場,全年適用,1,1,1,1,1,1,1,1,全日,00:00,23:59,0
AO010009,吉安停車場,全年適用,1,1,1,1,1,1,1,1,全日,00:00,23:59,0
AO080008,楊梅國中網球場停車場,全年適用,1,1,1,1,1,1,1,1,全日,00:00,23:59,0
AO070002,公二地下停車場,全年適用,1,1,1,1,1,1,1,1,全日,00:00,23:59,0
AO060009,忠貞二公有停車場,全年適用,1,1,1,1,1,1,1,1,全日,00:00,23:59,0
AO020018,中北健行停車場,全年適用,1,1,1,1,1,1,1,1,全日,00:00,23:59,0
AO070008,忠勇停車場,全年適用,1,1,1,1,1,1,1,1,全日,00:00,23:59,1
AO050004,舊鄉代停車場,全年適用,1,1,1,1,1,1,1,1,全日,00:00,23:59,0
AO080002,自立停車場,全年適用,1,1,1,1,1,1,1,1,全日,00:00,23:59,0
AO070015,八德區廣興停車場,全年適用,1,1,1,1,1,1,1,1,全日,00:00,23:59,0
AO020008,銀河廣場地下停車場,全年,1,1,1,1,1,1,1,1,全日,00:00,00:00,1
AO080011,瑞溪停車場,全年適用,1,1,1,1,1,1,1,1,全日,00:00,23:59,1
AO040002,五福地下停車場,全年適用,1,1,1,1,1,1,1,1,全日,00:00,23:59,0
AO010015,宏昌六街停車場,全年適用,1,1,1,1,1,1,1,1,全日,00:00,23:59,1
AO030003,停四停車場,全年適用,1,1,1,1,1,1,1,1,每小時20元，進場24小時優惠60元,00:00,23:59,0
AO010020,假日花市停車場,全年適用,1,1,1,1,1,1,1,1,全日,00:00,23:59,0
AO030005,文德公園停車場,全年適用,1,1,1,1,1,1,1,1,每小時20元，進場24小時優惠60元,00:00,23:59,0
AO120001,觀音建國停車場,全年適用,1,1,1,1,1,1,1,1,全日,00:00,23:59,0
AO080018,楊梅區台66橋下停車場,全年適用,1,1,1,1,1,1,1,1,全日,00:00,23:59,0
AO020032,青松公有停車場,全年適用,1,1,1,1,1,1,1,1,全日,00:00,23:59,1
AO100003,大園區廣停二停車場,全年適用,1,1,1,1,1,1,1,1,全日,00:00,23:59,1
AO010012,朝陽公園停車場,全年適用,1,1,1,1,1,1,1,1,全日,00:00,23:59,0
AO020024,龍平停車場,全年適用,1,1,1,1,1,1,1,1,全日,00:00,23:59,0
AO020023,台貿停車場,全年適用,1,1,1,1,1,1,1,1,全日,00:00,23:59,0
AO010022,孔廟停車場,全年適用,1,1,1,1,1,1,1,1,全日,00:00,23:59,0
AO010011,陽明公園停車場,全年適用,1,1,1,1,1,1,1,1,全日,00:00,23:59,0
AO100001,兒十四地下停車場,全年適用,1,1,1,1,1,1,1,1,全日,00:00,23:59,0
AO010007,龍安二停車場,全年適用,1,1,1,1,1,1,1,1,全日,00:00,23:59,0
AO080012,三元停車場,全年適用,1,1,1,1,1,1,1,1,全日,00:00,23:59,0
AO010025,府前地下停車場,全年適用,1,1,1,1,1,1,1,1,全日,00:00,23:59,1
AO010034,桃園復興停車場,全年適用,1,1,1,1,1,1,1,1,全日,00:00,23:59,0
AO110001,新屋區停一立體停車場,全年,1,1,1,1,1,1,1,1,全日,00:00,23:59,0
AO070003,廣豐一停車場,全年適用,1,1,1,1,1,1,1,1,全日,00:00,23:59,0
AO010002,小檜溪停車場,全日適用,1,1,1,1,1,1,1,1,全日,00:00,23:59,0
AO010013,建國公園停車場,全年適用,1,1,1,1,1,1,1,1,全日,00:00,23:59,0
AO090002,橋頭停車場,全年適用,1,1,1,1,1,1,1,1,全日,00:00,23:59,0
AO030009,建國一村停車場,全年適用,1,1,1,1,1,1,1,1,全日,00:00,23:59,1
AO100002,大園區廣停一停車場,免費,1,1,1,1,1,1,1,1,全日,00:00,23:59,1
AO080010,四維停車場,全年適用,1,1,1,1,1,1,1,1,全日,00:00,23:59,1
AO040004,大新平面停車場,全年適用,1,1,1,1,1,1,1,1,全日,00:00,23:59,0
AO030008,龜山龍華停車場,全年適用,1,1,1,1,1,1,1,1,全日,00:00,23:59,0
AO010031,南門公園地下停車場,全年適用,1,1,1,1,1,1,1,1,全日,00:00,23:59,0
AO020002,中壢復興站,全年適用,1,1,1,1,1,1,1,1,全日,00:00,23:59,0
AO010014,三民公園停車場,全年適用,1,1,1,1,1,1,1,1,全日,00:00,23:59,0
AO040005,大竹圍平面停車場,全年適用,1,1,1,1,1,1,1,1,全日,00:00,23:59,0
AO080003,金山停車場,全年適用,1,1,1,1,1,1,1,1,全日,00:00,23:59,0
AO010017,桃園藝文園區地下停車場,全年適用,1,1,1,1,1,1,1,1,全日,00:00,23:59,0
AO040003,南榮地下停車場,全年適用,1,1,1,1,1,1,1,1,全日,00:00,23:59,0
AO070014,建德停車場,全年適用,1,1,1,1,1,1,1,1,全日,00:00,23:59,0
AO010028,中路停三停車場,全年適用,1,1,1,1,1,1,1,1,全日,00:00,23:59,0
AO080007,民族公園停車場,全年適用,1,1,1,1,1,1,1,1,全日,00:00,23:59,0
AO010036,桃園區大有立體暨殯葬園區平面公有停車場,全年適用/平日/假日,1,1,1,1,1,1,1,1,全日/上午/下午,00:00,23:59,0
AO020026,雙嶺停車場,全年適用,1,1,1,1,1,1,1,1,全日,00:00,23:59,0
AO010029,中路停五停車場,全年適用,1,1,1,1,1,1,1,1,全日,00:00,23:59,0
AO090003,僑愛停車場,全年適用,1,1,1,1,1,1,1,1,全日,00:00,23:59,0
AO020021,興仁公園停車場,全年適用,1,1,1,1,1,1,1,1,全日,00:00,23:59,0
AO010005,青溪停車場,全年適用,1,1,1,1,1,1,1,1,全日,00:00,23:59,0
AO020037,中壢殯葬園區停車場,全年適用,1,1,1,1,1,1,1,1,全日,00:00,23:59,0
AO100005,大園區停四停車場,全年適用,1,1,1,1,1,1,1,1,全日,00:00,23:59,1
AO020029,文康停車場,全年適用,1,1,1,1,1,1,1,1,全日,00:00,23:59,0
