CarParkID,CarParkName_Zh_tw,TotalSpaces,Spaces_SpaceType,Spaces_IsMechanical,Spaces_HasChargingPoint,Spaces_NumberOfSpaces,Spaces_StayType
10909,市府大樓地下停車場,261,1,0,0,261,4
10814,大同國小(西榮街)停車場,18,1,0,0,18,4
10904Aeast,新生路停車場民族站,139,1,0,0,139,4
10801east,博物館地下停車場,75,1,0,0,75,4
10721,中正公園地下停車場,129,1,0,0,129,254
DuDuhouse,吳鳳民族站,68,1,0,0,68,4
10912east,嘉義東市停車場,48,1,1,0,48,4
10820,民族國小地下停車場,199,1,0,0,199,4
10808,火車站前停車場,98,1,0,0,98,254
10701east,嘉義中山停車場,29,1,0,0,29,4
11006,西市場大樓停車場,124,1,0,0,124,254
10909A,市府前廣場停車場,261,1,0,0,261,4
10817,停10(蘭停七)停車場,36,1,0,0,36,4
10504,文化公園(停6)停車場,151,1,0,0,151,254
10904,德安停車場,67,1,0,0,67,4
10904east,新生路停車場民國站,411,1,0,0,411,4
11017,金財神停車場,104,1,0,0,104,4
10902east,檜村里(機6)停車場,134,1,0,0,134,4
10818,嘉義延平停車場,120,1,0,0,120,4
10810,北港路(停9)停車場,39,1,0,0,39,254
11006A,西市場忠義街停車場,74,1,0,0,74,4
10915,轉運中心地下停車場,68,1,0,0,68,4
10909B,舊市公所停車場,120,1,0,0,120,4
Cityparking1,嘉義成仁站停車場,68,1,0,0,68,4
10906,垂楊國小地下停車場,201,1,0,0,201,4
10819,中央廣場地下停車場,130,1,0,0,130,4
10802,嘉義中興停車場,65,1,0,0,65,4
11010,嘉義蘭井街停車場,55,1,0,0,55,4
10918,新民二站停車場,39,1,0,0,39,4
10816,停14(蘭停八)停車場,45,1,0,0,45,4
XT01,新港停一立體停車場,371,1,0,0,371,4
Puzi01,廣停二停車場,35,1,0,0,35,4
Puzi06,廣停四停車場,21,1,0,0,21,4
STO004,水上鄉停（三）停車場,17,1,0,0,17,254
P02,強展金世界停車場,95,1,0,0,95,1
P05,五都停車場嘉義站,187,1,0,0,187,254
P16,助安168嘉義高鐵站,129,1,0,0,129,4
MS0001,梅山公園停車場,57,1,0,0,57,4
DL01,明和休閒公園旁公有免費停車場(停一),10,1,0,0,10,4
STO003,停二停車場,13,1,0,0,13,254
Puzi07,嘉義縣朴子市第一公有零售市場地下室停車場,110,1,0,0,110,2
MS01,民雄鄉公有臨時停車場,180,1,0,0,180,4
P12,嘉義長庚醫院停車場(西側),1110,1,0,0,1110,4
P03,嘉義二停車場,121,1,0,0,121,254
P14,嘟嘟房嘉義朴子站,37,1,0,0,37,2
Puzi03,廣停三停車場,11,1,0,0,11,4
P18,廉增停車場故宮南院站,841,2,0,0,288,4
ZPFA01,中埔鄉農會停車場,45,1,0,0,45,2
CYHG05,快捷停車場,159,1,0,0,159,4
P21,快樂停車場,77,2,0,0,64,4
P11,嘉義長庚醫院停車場（東北側）,169,1,0,0,169,4
0001CYHG,朴子醫院停車場,69,1,0,0,69,2
P22,佛教大林慈濟醫院停車場,505,1,0,0,505,4
P01,強展嘉大民雄校區停車場,69,1,0,0,69,4
LJ03,六腳鄉公所公有停車場,40,1,0,0,40,4
P10,嘉義長庚醫院停車場（綜合醫學大樓）,602,1,0,0,602,4
P07,布袋港第二停車場,242,1,0,0,242,254
MS0002,雲梯接駁停車場,50,1,0,0,50,4
P04,五都停車場高鐵嘉義二站,799,1,0,0,799,254
STO001,機一停車場,30,1,0,0,30,254
DS01,東石鄉港口宮停車場,472,0,0,0,472,4
P17,好庭車停車場,420,2,0,0,130,254
DL02,大林後火車站公有免費停車場(停二),53,1,0,0,53,4
Cyhg01,公有免費停車場（仁和二路、小槺榔三路）,94,1,0,0,94,4
P09,嘉義長庚醫院停車場（醫學大樓）,306,1,0,0,306,4
P19,嘟嘟房新港奉天宮站停車場,25,1,0,0,25,4
P06,布袋港旅客服務中心停車場,644,1,0,0,644,254
P20,樟腦寮月香停車場,21,1,0,0,21,4
Cyhg07,朴子配天宮公有停車場,70,0,0,0,70,4
P13,嘟嘟房嘉義大同站,13,1,0,0,13,2
BD01,公有免費停車場（岑海里舊派出所旁停車場）,109,1,0,0,109,4
CYHG02,創新地下停車場,276,0,0,0,276,3
DL03,大林體育運動公園前公有免費停車場(停三),24,1,0,0,24,4
Cyhg06,公有免費停車場（朴子五路、祥和二路）,45,1,0,0,45,4
Puzi05,廣停八停車場,30,1,0,0,30,4
STO002,停一停車場,21,1,0,0,21,254
CYHG03,府前地下停車場,695,1,0,0,695,4
Puzi04,廣停五停車場,27,1,0,0,27,4
STO005,水上鄉停（四）停車場,10,1,0,0,10,254
P08,布袋港第三停車場,416,1,0,0,416,254
Puzi02,廣停六停車場,10,1,0,0,10,4
BD02,公有免費停車場（布袋文創對面停車場）,39,1,0,0,39,2
P15,嘟嘟房高鐵嘉義站,1553,2,0,0,803,4
HSZ_QL,青草湖立體停車場,66,1,0,0,66,4
A5,稅務大樓地下停車場,94,1,0,0,94,4
HSZ_MP,明湖公園平面停車場,30,1,0,0,30,4
AB,新科國中地下停車場 ,458,1,0,0,458,4
HSZ_ZO,動物園地下停車場,430,1,0,0,430,4
HSZ_RA,後站機車第二停車場,292,2,0,0,292,4
HSZ_MN,南大路機車停車場,303,2,0,0,303,4
HSZ_NA,南門機械停車場,150,1,1,0,150,4
HSZ_MI,民富機械停車場,240,1,1,0,240,4
HSZ_ML,明志書院停車場,605,1,0,0,605,4
ZH,中正市場停車場,268,1,0,0,227,2
57,火車站後站(一、二、三、四)汽車停車場,412,1,0,0,412,4
44,停七停車場,100,1,0,0,100,4
HSZ_FU,府後地下停車場,292,1,0,0,292,4
AD,生命園區第一停車場,160,1,0,0,160,3
AI,竹光國民運動中心地下2樓及3樓停車場,137,1,0,0,137,4
HSZ_CH,赤土崎地下停車場,592,1,0,0,592,4
HSZ_NI,牛埔地下停車場,312,1,0,0,310,4
AG,東大陸橋停車場-中華站,146,1,0,0,146,4
HSZ_NO,北區行政大樓地下停車場,108,1,0,0,107,4
AA,頂竹圍地下停車場,180,1,0,0,180,2
96,延平停車場,104,1,0,0,104,4
HSZ_LA,勞山新村機車停車場,147,2,0,0,147,4
AH,東大陸橋停車場-中央站,216,0,0,0,216,4
A00022,佛教慈濟醫療財團法人花蓮慈濟醫院停車場,322,2,0,0,147,254
A00034,停好停滿停車場中華國小站,41,1,0,0,39,2
A00045,國富二十二街停車場,23,9,0,0,1,254
A00014,TIMES 三民街,125,7,0,0,3,255
A00044,停好車停車場,186,10,0,0,3,4
A00026,前站停車場,46,7,0,0,1,255
A00028,遠雄海洋公園(股)公司,747,1,0,0,689,254
A00049,花蓮市公園三民站,56,11,0,1,5,254
A00038,花蓮民德一停車場,38,9,0,0,1,1
A00047,168停車聯盟花蓮東大門場,413,9,0,0,8,4
A00009,遠東百貨股份有限公司花蓮和平分公司,358,7,0,0,10,254
A00040,花蓮文化創意產業園區停車場,58,5,0,0,6,1
A00030,吉安仁里立體停車場,217,7,0,0,5,254
A00080,鉄道商圈停車場,26,1,0,0,21,2
A00019,新康停車場,16,9,0,0,1,255
A00011,新港街停車場,27,9,0,0,1,254
A00042,臺灣基督教門諾會醫療財團法人門諾醫院收費停車場,235,9,0,0,3,254
A00013,明禮路停車場,106,7,0,0,2,254
A00025,彪吉利停車場(國聯五路站),40,7,0,0,1,254
A00073,好樂停HAPPY PARKING-中山停車場,54,1,0,0,54,4
A00007,花蓮航空站計時收費停車場,347,7,0,0,8,254
A00046,國盛四街停車場,11,1,0,0,10,4
A00036,統冠重慶店停車場,49,1,0,0,47,2
A00068,花蓮富國停車場,15,1,0,0,15,2
A00076,好樂停 HAPPY PARKING-中央停車場,502,1,0,0,204,4
A00015,WORLD GYM世界健身俱樂部停車場,66,7,0,0,2,254
A00039,花蓮民德二停車場,21,1,0,0,19,254
A00071,花蓮中山停車場,43,1,0,0,43,2
A00070,吉安站前停車場,55,7,0,0,1,254
A00016,P&P停車場,62,1,0,0,61,5
A00035,林森停車場,20,9,0,0,1,4
A00059,花蓮中山路停車場,8,9,0,0,1,254
A00050,國富二街停車場,7,9,0,0,1,254
A00065,花蓮文化創意產業園區停車場,52,7,0,0,2,4
A00043,中山明智停車場,53,9,0,0,2,4
A00021,花蓮壽豐車站停車場,74,1,0,0,72,4
A00017,台灣國際開發事業有限公司花蓮醫院停車場,50,9,0,0,2,254
A00001,彪吉利(花蓮停三)汽(紅黃牌重機)車停車場,93,10,0,0,3,254
A00005,福廣仁愛停車場,133,9,0,0,3,4
A00048,博客停車場寶雅吉安場,18,1,0,0,18,1
A00031, 東芥東大門停車場,161,1,0,0,161,2
A00002,永發停車場-東洋站,223,9,0,0,5,254
A00012,節約街停車場,78,9,0,0,2,4
A00003,丞捷停車場 ,20,9,0,0,1,5
A00033,花蓮民生停車場,25,1,0,0,24,254
A00079,城中大樓停車場,80,1,0,0,80,1
A00072,好樂停 HAPPY PARKING–忠孝停車場,13,1,0,0,13,4
A00024,停佳安(花蓮停四)機車停車場,495,10,0,0,10,254
A00023,彪吉利停車場(國盛站),15,15,0,0,15,3
A00066,花蓮國聯停車場,100,1,0,0,100,4
A00078,TIMES 花蓮延平街,60,0,0,0,60,3
A00010,花蓮市忠孝立體停車場,90,1,0,0,8,4
A00032,建程自由街停車場,93,9,0,0,1,254
A00018,彪吉利停場車(國民段469號),185,2,0,0,185,4
A00067,市八十三街停車場,26,15,0,0,26,5
A00057,國聯停車場,21,1,0,0,21,5
A00060,福品旅店停車場,21,1,0,0,20,2
A00004,後火車站機車停車場,340,10,0,0,7,254
A00054,盛昌停車場,20,1,0,0,19,4
A00061,富裕二街停車場,55,1,0,0,55,5
B38,明義,33,1,0,0,32,255
915,美術館平面,65,2,0,0,0,255
844,大社停一,28,1,0,0,28,255
953,竹東,34,10,0,0,0,255
818,觀湖,80,5,0,0,0,255
D95,惠豐,45,2,0,0,0,255
AD25,光武國小地下立體停車場,131,4,0,0,0,255
818c,勞工公園大客車,9,9,0,0,0,255
857,二苓,36,2,0,0,24,255
AD15a,林園田中央,45,10,0,0,0,255
448,常德,31,5,0,0,0,255
560,旗津老街,105,10,0,0,0,255
A23,裕興（含第二）,6,4,0,0,0,255
AD26,鳳山體育場停車場,0,4,0,0,0,255
780a,正勤（中華）,62,1,0,0,58,255
AA23,美術館(立體),398,4,0,0,0,255
821,九曲堂,46,5,0,0,0,255
A77,金鼎,37,9,0,0,1,255
920,三山,99,2,0,0,0,255
C96,龍江公園,76,2,0,0,47,255
996,前峰,65,2,0,0,0,255
843,大樹舊鐵橋,154,2,0,0,0,255
827,楠梓運動場,143,9,0,0,0,255
919,環潭,32,5,0,0,0,255
965,福裕,114,2,0,0,0,255
520,臥龍,28,4,0,0,0,255
818a,育英,52,5,0,0,0,255
459,大寮停二,223,10,0,0,0,255
AD28,高雄高工立體停車場,640,9,0,0,0,255
458,竹後段,36,10,0,0,0,255
459a,仁德116,248,10,0,0,0,255
D91,清安,58,5,0,0,0,255
848,金山,25,5,0,0,0,255
935,六合夜市停車場,49,5,0,0,14,255
AD13,高雄民權停車場,479,2,0,0,0,255
a93,黃埔新村,49,4,0,0,0,255
C09,港興社區,46,4,0,0,0,255
E35,延平,42,1,0,0,42,255
826,澄清湖西側,15,2,0,0,0,255
936,觀音山,133,9,0,0,0,255
095a,重平,54,10,0,0,0,255
park0019,沱江,80,1,0,0,78,255
818b,仁美,35,5,0,0,0,255
095b,重和,164,10,0,0,0,255
818d,仁倉,24,2,0,0,0,255
100,華夏,37,4,0,0,0,255
857b,高坪7路,62,4,0,0,0,255
118,三民二號公園,76,1,0,0,51,255
914,福誠,98,5,0,0,0,255
C92,二聖,120,2,0,0,0,255
937,管仲,280,4,0,0,0,255
716,勞工公園(勞一),490,1,0,0,198,255
AD2,民權輕鋼架(立體),459,4,0,0,0,255
923,南鼓山,28,4,0,0,0,255
825,岡山(平面),265,5,0,0,0,255
863,松崗,34,1,0,0,19,255
908,自強三路,136,4,0,0,0,255
c50,長壽路,41,9,0,0,0,255
Z03a,大愛園區,147,2,0,0,0,255
838,澄觀段停八,68,4,0,0,0,255
780,正勤中山,186,9,0,0,0,255
840,歡樂17,58,2,0,0,22,255
834,慈惠,59,2,0,0,0,255
B49,彌陀公園,33,10,0,0,0,255
836,金鼎段(仁武),79,9,0,0,0,255
AD3,高雄忠孝,568,9,0,0,0,255
812,柴山機車,153,2,0,0,150,255
874,廣昌,125,5,0,0,0,255
AD24,高雄鼓山國小地下停車場,184,10,0,0,0,255
B46a,如意公園,444,2,0,0,187,255
995,輔仁,67,9,0,0,0,255
Z08,泰安,106,2,0,0,0,255
877,文水,93,10,0,0,0,255
823,平和岡燕,48,2,0,0,0,255
A22,後昌,23,5,0,0,0,255
125,廣三,9,10,0,0,0,255
471,金興,142,2,0,0,0,255
B14,興化,40,2,0,0,0,255
812b,成功機車,57,1,0,0,0,255
841,同慶,205,10,0,0,0,255
135,臨海二路,42,9,0,0,0,255
AD10,海功(立體),506,9,0,0,0,255
997,智昌,83,4,0,0,0,255
864,店北,21,5,0,0,0,255
868,德昌,59,9,0,0,0,255
954,高雄本和,153,2,0,0,0,255
A74,凱旋三路,24,1,0,0,24,255
AD11,盛興停車場,382,2,0,0,0,255
749,岡山戶政旁,57,9,0,0,0,255
846,仁慈公園,35,10,0,0,0,255
878,加昌,96,5,0,0,0,255
A14,鎮榮(含第二),28,5,0,0,0,255
105,曾子,38,4,0,0,0,255
837,澄仁,39,5,0,0,0,255
969,允文,29,10,0,0,0,255
852,辛亥,43,1,0,0,43,255
AD15,林園(立體),244,9,0,0,0,255
448a,都會公園,653,4,0,0,0,255
A30,後昌路北側,58,5,0,0,0,255
862,鼎泰,145,10,0,0,0,255
991,高雄福德,90,10,0,0,0,255
831,竹子腳,17,4,0,0,0,255
C49,成功二路,94,1,0,0,61,255
457,田中央,38,5,0,0,0,255
467,慈惠六街,119,4,0,0,0,255
857a,高坪23路,27,2,0,0,0,255
AD17a,崎漏,41,2,0,0,0,255
596,樂群,34,2,0,0,0,255
815,鳳頂,98,4,0,0,0,255
988,惠民,131,2,0,0,68,255
290,公園路,627,10,0,0,0,255
F04,衛武營東側,271,10,0,0,0,255
816,國泰青年,514,4,0,0,0,255
930,輜汽,45,1,0,0,45,255
C40,高雄正德,25,10,0,0,0,255
855,高雄明仁,111,2,0,0,0,255
968,河川,33,2,0,0,11,255
933,高雄林德官,252,4,0,0,0,255
820,民權二路,48,10,0,0,0,255
924,旗津海岸,114,5,0,0,22,255
956,頂明,56,4,0,0,0,255
854,瑞泰,27,10,0,0,0,255
828,常順,78,4,0,0,0,255
916,頂新,26,1,0,0,26,255
F30,時代大道第二(B區),85,2,0,0,53,255
AD20,高雄十全,208,2,0,0,0,255
857d,龍鳳,30,5,0,0,0,255
C47,樂仁,24,2,0,0,0,255
952,龍德,39,4,0,0,0,255
R68,燕北停車場,24,10,0,0,0,255
C45,高楠公路,99,5,0,0,0,255
595,鳳陽（鳳山）,57,10,0,0,0,255
599,中興市場,18,4,0,0,0,255
106,中崙,150,5,0,0,0,255
AD9,財稅大樓,131,2,0,0,0,255
B46c,德宜段,36,9,0,0,0,255
475,建樹,31,5,0,0,0,255
984,微笑,145,2,0,0,0,255
813,英德街,110,4,0,0,0,255
128,八德大型車,79,2,0,0,0,255
978,哨船,30,10,0,0,0,255
695,鳳山行政中心西側,516,5,0,0,0,255
ZZ3,小港轉運站自行車立體停車場,0,2,0,0,0,255
AD04,文化中心(立體),830,1,0,0,830,255
AD27,高雄國際會議中心立體停車場,209,1,0,0,209,255
917,金獅湖,79,9,0,0,0,255
469,五甲七老爺,99,1,0,0,77,255
A190,清豐,136,9,0,0,0,255
865,中光,25,1,0,0,25,255
460c,蚵仔寮（C區）,6,1,0,0,6,255
C98,崗山仔公園,111,2,0,0,10,255
955,南成,73,2,0,0,0,255
856,瑞北,28,1,0,0,27,255
C93,凱旋四路,216,5,0,0,0,255
899,海光,184,4,0,0,0,255
867,高雄陽明站,48,9,0,0,0,255
B54,瑞昌,11,5,0,0,0,255
460,蚵仔寮（A區）,166,9,0,0,0,255
D52,國道下正義路309巷路邊停車區,0,9,0,0,0,255
812a,錦田機車,124,4,0,0,0,255
918,舊左營國中,142,5,0,0,0,255
967,金馬,219,10,0,0,0,255
Z05,烏樹林,12,10,0,0,0,255
993,寶華,133,1,0,0,87,255
476,仕興,32,4,0,0,0,255
833,澄德段停一,114,2,0,0,0,255
938,光華,212,4,0,0,0,255
C07,建國路,66,2,0,0,20,255
C38,果貿市場,14,1,0,0,13,255
A99,青埔溝,399,10,0,0,0,255
949,澄觀,154,1,0,0,0,255
815a,捷運前鎮高中站機車,324,9,0,0,0,255
117,龍華,56,1,0,0,54,255
859,后安,73,10,0,0,0,255
E34,仁愛三街,32,9,0,0,1,255
465,左營站前,773,10,0,0,0,255
551,左營北站,54,9,0,0,0,255
460b,蚵仔寮（B區）,62,4,0,0,0,255
814a,鳳山轉運站機車,102,10,0,0,0,255
853,富民,38,1,0,0,38,255
c46,五甲,45,4,0,0,0,255
857e,小港鳳陽,20,1,0,0,20,255
B46b,南連段963,26,9,0,0,0,255
832,榮光,50,2,0,0,24,255
987,高雄澄東站,127,4,0,0,0,255
824,中華路圓環,20,1,0,0,20,255
150,濱海,62,5,0,0,0,255
B43,忠誠,30,10,0,0,0,255
479,北昌路,173,4,0,0,0,255
a126,旗山老街,300,9,0,0,0,255
817a,神農,245,4,0,0,0,255
AD8,高雄凱旋醫院地下停車場,559,5,0,0,0,255
103,平和,47,1,0,0,46,255
822,旗山體育場,20,4,0,0,0,255
449,立民,32,2,0,0,0,255
819,和平公園,22,10,0,0,0,255
835,澄合停九,58,9,0,0,0,255
B58,民族一路,122,5,0,0,0,255
AD7,四維(立體),1756,9,0,0,0,255
547,八德小型車,122,2,0,0,0,255
108,鎮興,66,2,0,0,0,255
C05,正憲,42,2,0,0,0,255
C41,松埔,22,2,0,0,0,255
857c,鳳盛,17,2,0,0,0,255
597,中洲,63,5,0,0,0,255
814b,鳳山捷運站機車,182,2,0,0,172,255
982,瑞豐(B區),39,9,0,0,0,255
AD6,小港(立體),219,2,0,0,0,255
A15,瑞福(B區),24,5,0,0,0,255
811,興達,155,4,0,0,0,255
D93,瑞興,237,1,0,0,237,255
466,東門,42,10,0,0,0,255
957,鳳甲,97,4,0,0,0,255
813b,五甲停二機車,42,9,0,0,0,255
861,君毅,47,9,0,0,0,255
A01,德中,24,1,0,0,24,255
AD1,鹽埕立體停車場,836,9,0,0,0,255
AD12,高雄福山國小,459,9,0,0,0,255
813c,五甲停三機車,91,2,0,0,91,255
913,新光,1504,4,0,0,0,255
B4,厚泰,61,4,0,0,0,255
943,皓東,89,9,0,0,0,255
985,英明市場,128,9,0,0,0,255
970,苓中,69,5,0,0,0,255
858,向榮,18,9,0,0,1,255
814c,鳳山國中機車,475,1,0,0,0,255
947,仁和公園,55,2,0,0,0,255
park0016,左營哈囉市場,166,2,0,0,0,255
A67,五甲社區,176,10,0,0,0,255
AD21,武廟停車場,301,10,0,0,0,255
983,瑞福,81,2,0,0,26,255
B7,旗津漁港,113,2,0,0,0,255
120,獅甲,66,1,0,0,46,255
757,旗山轉運站,212,1,0,0,15,255
AD17,興達立體停車場,140,4,0,0,0,255
park0017,華泰,32,9,0,0,0,255
AD5,自強停車場,305,4,0,0,0,255
590,時代大道,49,2,0,0,0,255
E36,民富,57,9,0,0,0,255
B55,復興二路,100,4,0,0,0,255
869,華山,31,5,0,0,0,255
481a,建軍,148,4,0,0,80,255
999,青埔,55,9,0,0,0,255
998,大昌,13,2,0,0,0,255
B40,時代大道第二(A區),110,1,0,0,64,255
107,鎮賢,44,1,0,0,23,255
AD16,岡山(立體),154,10,0,0,0,255
817,永興,45,2,0,0,0,255
c08,林森,35,10,0,0,0,255
830,正興,185,4,0,0,0,255
B59,忠孝一路,47,1,0,0,40,255
AAA,埤子頭,47,10,0,0,1,255
926,統嶺社區（含南側）,482,9,0,0,0,255
992,瑞豐,69,1,0,0,35,255
946,八卦里,84,10,0,0,0,255
KEE12105,基隆和平島公園停車場,134,5,0,0,9,1
KEE11106,海洋劇場停車場,280,1,0,0,297,1
KEE12402,西三停車場,484,1,0,0,484,4
KEE11101,信二停車場,512,9,0,0,16,1
KEE12111,65高地停車場,33,255,0,0,33,2
KEE12112,南區大客車停車場,40,5,0,0,41,4
KEE12113,基隆和一停車場,302,9,0,0,10,4
KEE12706,光明停二停車場,101,7,0,0,2,1
KEE12401,基隆市中和路168巷停車場,50,7,0,0,1,1
KEE12705,光明停一停車場,56,9,0,0,2,1
KEE12110,潮境公園停車場,32,1,0,0,33,4
KEE12502,基隆安和停車場,44,7,0,0,1,2
KEE12109,濱海遊憩區停車場,75,255,0,0,60,255
KEE22111,非凡物業管理顧問有限公司和平島停車場,64,9,0,0,2,1
KEE12707,福六街停車場,30,9,0,0,1,1
KEE12501,鶯歌石溪停車場,76,7,0,0,2,1
KEE12115,八斗子漁港C區停車場,251,1,0,0,251,255
KEE11307,信義國小地下停車場,349,9,0,0,7,1
KEE12108,復育環保公園停車場,89,1,0,0,100,4
KEE22112,基隆八尺門停車場,90,1,0,0,90,4
KEE11205,中興國小停車場,120,1,0,0,120,255
KEE22410,基隆新橫濱停車場,166,7,0,0,10,4
KEE12107,區域探索館平面停車場,147,1,0,0,148,4
KEE11303,南榮公墓殯儀館停車場,150,1,0,0,150,255
KEE12117,基隆社寮橋停車場,50,1,0,0,50,4
KEE11102,正濱國小收費立體停車場,100,1,0,0,98,4
KEE12203,基隆六合停車場,492,1,0,0,590,2
KEE11703,基隆七堵停車場,293,1,0,0,293,4
KEE11302,基隆成功站,447,1,0,0,447,3
KEE12114,八斗子觀光漁港停車場,117,1,0,0,117,255
KEE11104,中正區行政大樓地下停車場,86,1,0,0,86,4
KIN0001,金門航空站第三停車站,207,1,0,0,222,255
KIN0004,山外車站停車場,105,1,0,0,126,4
LIE003,仁愛停車場,38,0,0,0,38,254
LIE002,介壽地下停車場,232,0,0,0,232,254
MIA019,聯永客家委員會停車場,119,7,0,0,2,4
MIA013,Times苗栗莊敬街停車場,18,1,0,0,18,2
MIA007,苗栗市停十停車場,102,1,0,0,102,4
MIA005,苗栗市停五停車場,42,1,0,0,42,4
MIA030,叭叭房廣停四停車場,43,1,0,0,43,4
MIA001,苗栗中正站停車場,222,1,0,0,222,4
MIA003,苗栗市停一停車場,426,1,0,0,426,4
MIA025,叭叭房廣停二停車場,40,1,0,0,40,4
MIA012,大同國小地下停車場,589,1,0,0,589,3
MIA016,尚順育樂世界停車場,1000,5,0,0,35,2
MIA022,叭叭房光華停車場,7,1,0,0,7,4
MIA008,苗栗市停十五停車場,91,1,0,0,91,4
MIA021,台鐵苗栗東站停車場,315,27,0,0,315,3
MIA027,叭叭房民生停車場,169,1,0,0,169,4
MIA017,富山中山路停車場,45,1,0,0,45,2
MIA004,苗栗市停四停車場,76,1,0,0,76,4
MIA024,叭叭房廣停三停車場,50,1,0,0,50,4
MIA020,台鐵豐富站停車場,150,2,0,0,108,4
MIA006,苗栗市停八停車場,42,1,0,0,42,4
MIA014,後龍停一立體停車場,39,1,0,0,39,3
MIA026,叭叭房廣停六停車場,19,1,0,0,19,4
MIA023,叭叭房銀河停車場,133,1,1,0,133,4
MIA010,南庄遊客中心停車場,92,27,0,0,92,2
MIA029,叭叭房文林停車場,21,0,0,0,21,4
MIA028,叭叭房廣停十五停車場,26,1,0,0,26,4
MIA018,苗栗台鐵高架橋下停車場,135,1,0,0,135,2
MIA011,竹南國中地下停車場,205,0,0,0,204,4
NAN_003,埔里鎮仁愛立體停車場,230,1,0,0,230,4
tsa004,草屯鎮公有零售市場地下停車場(市一停車場),43,1,0,0,18,4
jiji001,集集鎮公所集集國小地下停車場,326,1,0,0,326,2
NAN_010,南投縣瑞龍瀑布地區停車場,25,1,0,0,25,254
exfop01,第一停車場,800,1,0,0,610,2
exfop02,第二停車場,93,1,0,0,61,2
cmh923,中山停車場,218,1,0,0,218,4
NAN_009,竹山鎮梯子吊橋公有停車場,11,1,0,0,11,255
NAN_008,東埔停車場,71,5,0,0,25,254
tsa002,草屯鎮中正路臨時停車場,88,1,0,0,88,2
NAN_002,草屯鎮公有草鞋墩多目標使用立體停車場,426,9,0,0,12,4
tsa003,草鞋墩停二立體停車場,409,1,0,0,409,4
NAN_005,南投縣政府地下停車場,370,1,0,0,370,4
NAN_004,婦幼館附設停車場,57,1,0,0,57,4
tsa001,草屯鎮大成街停車場,180,1,0,0,180,2
PT0009,屏菸1936文化基地立體停車場,323,1,0,0,323,4
PT0005,機場北路路外停車場,67,1,0,0,67,4
PT0007,幸福公園停車場,276,1,0,0,276,4
PT0013,恆春立體停車場,231,2,0,0,249,4
PT0012,東港中山路立體停車場,258,1,0,0,258,4
PT0010,民生路立體停車場,622,1,0,0,622,4
PT0011,仁愛路地下立體停車場,341,1,0,0,341,4
PT0015,自由延平停車場,76,0,0,0,76,255
PT0003,勝利星村路外停車場,120,1,0,0,120,4
PT0002,中華立體停車場,286,10,0,0,5,4
PT0008,信義路立體停車場,225,1,0,0,225,4
PT0014,東港鎮中山路平面式路外停車場,62,1,0,0,62,4
PT0016,東港漁港停車場,147,0,0,0,147,1
PT0001,縣府立體停車場,206,1,0,0,206,4
PT0004,自由路外停車場,78,1,0,0,78,4
PT0017,潮州車站停車場,63,1,0,0,63,4
PT0006,和平路路外停車場,98,1,0,0,98,4
PT0018,屏東榮民總醫院東側路外停車場,129,7,0,0,4,4
02P0C0001A,東區-公有-(停37)忠孝P,42,1,0,0,42,4
04P0C0006A,西區-公有-光明P,18,1,0,0,18,4
07P0C0018B,南屯區-公有-正心立體停車場,264,9,0,0,6,4
13P0C0004B,沙鹿區-公有-沙田立體P,278,2,0,0,92,1
06P0C0027A,西屯區-公有-秋紅谷平面停車場,1159,2,0,0,1045,4
08P0C0003A,北屯區-公有-(細廣停1)景賢P,105,1,0,0,105,1
04P0C0009C,西區-公有-柳川P,98,1,0,0,98,2
06P0C0003A,西屯區-公有-下石碑P,156,1,0,0,156,4
05P0C0007A,北區-公有-東欣P,63,1,0,0,63,4
28P0C0007A,大里區-公有-公六公園P,30,1,0,0,30,1
11P0C0003A,大甲區-公有-經國路P,68,1,0,0,68,4
28P0C0015A,大里區-公有-崇光P,24,1,0,0,24,1
08P0C0001A,北屯區-公有-(公49)新平公園附屬P,95,1,0,0,95,1
05P0C0005A,北區-公有-育樂P,58,1,0,0,58,4
02P0C0007A,東區-公有-東英P,109,1,0,0,102,2
08P0C0028A,北屯區-公有-平德停車場,10,1,0,0,10,4
08P0C0005A,北屯區-公有-(廣停66)新平P,150,1,0,0,150,1
18P0C0002A,大雅區-公有-三和公園附屬P,16,0,0,0,16,4
04P0C0014A,西區-公有-藍興P,39,1,0,0,39,255
06P0C0017A,西屯區-公有-細停二P,43,1,0,0,43,4
06P0C0021A,西屯區-公有-朝富P,171,1,0,0,171,255
27P0C0010A,太平區-公所-長安P,25,1,0,0,25,4
18P0C0004A,大雅區-公有-停六P,60,0,0,0,60,4
08P0C0009A,北屯區-公有-中興網球附設P,50,1,0,0,50,4
03P0C0006A,南區-公有-國資圖P,89,0,0,0,89,4
05P0C0017A,北區-公有-大湖停車場,60,1,0,0,60,4
06P0C0022A,西屯區-公有-福安P,37,15,0,0,37,4
06P0C0013B,西屯區-公有-東興立體P,361,1,0,0,361,1
06P0C0002A,西屯區-公有-上安P  ,14,1,0,0,13,2
05P0C0018A,北區-公有-永興停車場,43,1,0,0,43,1
06P0C0012A,西屯區-公有-忠義P  ,15,1,0,0,15,2
09P0C0006A,豐原區-公有-葫蘆墩圳平面P4,60,1,0,0,60,4
27P0C0003B,太平區-公有-新平立體P,196,1,0,0,196,4
09P0C0017A,豐原區-公有-環北站P,27,1,0,0,27,2
06P0C0032C,西屯區-公有-市政公園地下停車場,899,7,0,0,17,4
28P0C0011A,大里區-公有-立新社區P,22,1,0,0,22,4
03P0C0007A,南區-公有-崇倫公園附設P,47,1,0,0,47,1
07P0C0001A,南屯區-公有-三塊厝P,336,1,0,0,322,4
05P0C0013A,北區-公有-新興P,191,1,0,0,191,4
02P0C0003A,東區-公有-一心P,58,7,0,0,1,2
03P0C0010A,南區-公有-樹德P,72,1,0,0,72,3
17P0C0002C,潭子-公有-國民暨兒童運動中心(B2層)停車場,78,1,0,0,78,1
04P0C0008A,西區-公有-林森P,72,1,0,0,72,4
04P0C0013A,西區-公有-廣民P,11,1,0,0,11,255
11P0C0002A,大甲區-公有-停三P,75,0,0,0,75,4
06P0C0004A,西屯區-公有-大福P,17,1,0,0,17,2
17P0C0001A,潭子-公有-環中東路一段台74快速道路下P ,233,1,0,0,192,254
06P0C0010A,西屯區-公有-何厝P,27,1,0,0,27,254
07P0C0015A,南屯區-公有-錢嶺P,75,1,0,0,75,4
06P0C0008A,西屯區-公有-弘孝P  ,37,9,0,0,1,2
06P0C0030A,西屯區-公有-中央公園北側P,401,1,0,0,401,255
06P0C0005A,西屯區-公有-大墩P,52,1,0,0,52,254
08P0C0011A,北屯區-公有-天津P,26,1,0,0,26,254
02P0C0004A,東區-公有-三賢P,131,1,0,0,131,4
27P0C0008A,太平區-公有-平安廣場P,28,0,0,0,28,3
06P0C0019A,西屯區-公有-惠順P,108,2,0,0,192,255
27P0C0001A,太平區-公有-坪林森林附屬P,203,1,0,0,134,4
08P0C0016A,北屯區-公有-松竹P,472,1,0,0,472,254
03P0C0002A,南區-公有-南平P,75,1,0,0,75,2
08P0C0012A,北屯區-公有-天祥P,52,1,0,0,52,4
04P0C0011A,西區-公有-貴和P,17,1,0,0,17,255
08P0C0017A,北屯區-公有-松榮P,54,1,0,0,54,1
28P0C0009A,大里區-公有-立元P,222,1,0,0,221,4
03P0C0011A,南區-公有-崇倫北街19巷停車場,21,1,0,0,21,1
06P0C0018B,西屯區-公有-惠來立體P,554,0,0,0,393,255
27P0C0011A,太平區-公所-馬卡龍公園P,203,1,0,0,126,4
09P0C0018A,豐原區-公有-豐原區社會住宅預定地臨時停車場,32,2,0,0,50,4
06P0C0007A,西屯區-公有-太原P,22,1,0,0,22,4
07P0C0014A,南屯區-公有-黎明P,11,1,0,0,15,255
06P0C0028A,西屯區-公有-惠中停車場(A區),217,9,0,0,5,4
09P0C0015A,豐原區-公有-博愛重劃區P3、5,41,1,0,0,41,4
04P0C0007A,西區-公有-吉龍P,61,1,0,0,61,255
27P0C0005A,太平區-公有-新光廣兼停四P,72,1,0,0,72,4
06P0C0001B,西屯區-公有-(停71)漢口立體P,372,1,0,0,372,4
02P0C0006A,東區-公有-旱溪P,178,1,0,0,178,4
27P0C0009A,太平區-公有-育賢P,970,1,0,0,970,1
10P0C0005B,東勢區-公所-綜合立體P,367,1,0,0,307,1
08P0C0019A,北屯區-公有-軍福P,36,1,0,0,36,1
18P0C0003A,大雅區-公有-停四P,32,1,0,0,23,5
05P0C0010A,北區-公有-金龍P,32,1,0,0,32,255
09P0C0001A,豐原區-公有-大明路中興P,250,2,0,0,98,3
06P0C0029A,西屯區-公有-惠中停車場(B區),109,7,0,0,3,4
09P0C0009A,豐原區-公有-葫蘆墩圳平面P7,61,1,0,0,61,4
07P0C0005A,南屯區-公有-文心森林公園附屬P,116,1,0,0,116,4
07P0C0003A,南屯區-公有-大新P  ,43,1,0,0,41,2
02P0C0008A,東區-公有-信心P,195,1,0,0,195,255
08P0C0025A,北屯區-公有-(廣兼停7)南興P,205,1,0,0,205,4
09P0M0001A,豐原區-公有-橫街尾P,156,2,0,0,156,4
04P0C0016C,西區-公有-忠明公園地下停車場,80,1,0,0,80,4
05P0C0014C,北區-公有-臺中公園地下P  ,440,1,0,0,413,2
06P0C0020A,西屯區-公有-朝馬P  ,123,1,0,0,123,255
07P0C0007C,南屯區-公有-水安宮地下P,104,1,0,0,104,1
03P0C0001A,南區-公有-大慶P,131,1,0,0,131,254
05P0C0019C,北區-獎參-中正公園地下停車場,860,1,0,0,860,1
08P0C0021C,北屯區-公有-臺中市中央公園地下P,1334,2,0,0,522,255
08P0C0004A,北屯區-公有-(細廣停2)中平P,17,1,0,0,17,1
08P0C0006A,北屯區-公有-三光P,63,1,0,0,63,4
28P0C0016C,大里區-公有-國立興大附中地下P,231,1,0,0,230,4
08P0C0022A,北屯區-公有-(廣兼停5)祥和P,593,1,0,0,593,2
28P0C0013A,大里區-公有-廣兼停六P   ,163,1,0,0,163,1
07P0C0008A,南屯區-公有-南屯P  ,58,9,0,0,2,2
28P0C0003A,大里區-公有-仁興P,19,1,0,0,19,1
08P0C0020A,北屯區-公有-雷中P,23,0,0,0,23,1
06P0C0031A,西屯區-公有-中央公園南側P,376,1,0,0,376,255
28P0C0005A,大里區-公有-鳥竹圍公園P,53,1,0,0,53,1
07P0C0006A,南屯區-公有-文昌P,24,1,0,0,24,2
02P0C0010A,東區-公有-精武東P,37,1,0,0,37,255
18P0C0005A,大雅區-公有-中清雅潭P,14,1,0,0,5,4
02P0C0002A,東區-公有-(停61)十甲P,37,1,0,0,37,1
03P0M0001A,南區-公有-建國北P,821,2,0,0,759,2
24P0C0006C,大肚區-公所-大肚地下P,177,2,0,0,54,1
09P0C0004B,豐原區-公有-育英路立體P,164,1,0,0,164,4
05P0C0003A,北區-公有-中德P,29,1,0,0,29,255
04P0C0012C,西區-公有-萬壽棒球場附屬地下P,91,1,0,0,91,2
05P0C0012A,北區-公有-健行P,158,1,0,0,158,4
09P0C0002A,豐原區-公有-中陽路平面P,44,1,0,0,44,4
04P0C0003B,西區-公有-大益立體P,156,1,0,0,156,1
04P0C0004A,西區-公有-平和P,7,1,0,0,7,255
09P0C0011A,豐原區-公有-葫蘆墩圳平面P9,45,1,0,0,45,4
02P0C0005B,東區-公有-干城立體P,478,1,0,0,478,4
09P0C0010A,豐原區-公有-葫蘆墩圳平面P8,64,1,0,0,64,4
27P0C0012A,太平區-公所-祥順運動公園P,47,1,0,0,47,4
18P0C0001B,大雅區-公有-停一立體P,234,0,1,0,234,4
08P0C0014A,北屯區-公有-江興P,82,1,0,0,82,1
06P0C0015A,西屯區-公有-馬龍潭P,93,1,0,0,93,4
27P0C0007A,太平區-公有-長億P,29,0,0,0,29,3
28P0C0017B,大里區-公有-東榮立體P,295,0,0,0,295,1
07P0C0016A,南屯區-公有-豐功P,97,1,0,0,97,254
05P0C0001A,北區-公有-山西P,26,1,0,0,26,254
03P0C0005A,南區-公有-健康公園附設P,54,1,0,0,54,3
06P0C0025A,西屯區-公有-銀聯三村P,172,1,0,0,172,4
08P0C0029A,北屯區-公有-永和巷公園附屬停車場,65,1,0,0,65,4
11P0C0001A,大甲區-公有-文武P,34,1,0,0,34,4
07P0C0017A,南屯區-公有-豐樂P,359,1,0,0,359,254
02P0M0001A,東區-公有-大智北機車P,93,2,0,0,93,4
26P0C0001C,霧峰區-公所-本堂公園地下P,49,1,0,0,49,3
27P0C0002B,太平區-公有-中興立體P,198,1,0,0,198,1
06P0C0016A,西屯區-公有-國豐P,68,2,0,0,29,4
02P0C0009B,東區-公有-南京立體P,774,1,0,0,774,4
27P0C0006A,太平區-公有-新光廣停八P,56,0,0,0,56,3
28P0C0010A,大里區-公有-仁堤P,56,1,0,0,56,4
09P0C0005A,豐原區-公有-葫蘆墩圳平面P3,86,1,0,0,86,4
05P0C0008A,北區-公有-武昌P,21,1,0,0,21,2
09P0C0014A,豐原區-公有-博愛重劃區P11,6,1,0,0,6,4
28P0C0012A,大里區-公有-廣兼停五P   ,22,1,0,0,22,1
09P0C0012A,豐原區-公有-北陽路P,212,1,0,0,212,4
06P0C0014A,西屯區-公有-河南P  ,19,1,0,0,18,2
06P0C0006A,西屯區-公有-大鵬P  ,16,1,0,0,14,2
04P0C0010A,西區-公有-美村P,101,1,0,0,101,255
09P0C0016C,豐原區-公有-富春國小地下P,141,1,0,0,141,4
06P0C0024A,西屯區-公有-福順P  ,88,1,0,0,88,255
28P0C0014A,大里區-公有-廣兼停八P   ,156,1,0,0,156,1
03P0C0003A,南區-公有-城隍P,18,1,0,0,17,3
08P0C0027A,北屯區-公有-(廣停5)同榮P,140,1,0,0,140,4
04P0C0001A,西區-公有-(細停178)自立P,29,1,0,0,29,4
05P0C0004A,北區-公有-育強P,14,1,0,0,14,255
05P0C0016A,北區-公有-福音停車場,180,1,0,0,180,4
28P0C0001C,大里區-公有-大里運動公園地下P,960,1,0,0,960,4
07P0C0010A,南屯區-公有-馬祖P,57,1,0,0,59,255
08P0C0023A,北屯區-公有-(細廣停2)太和P,42,1,0,0,42,4
08P0C0026A,北屯區-公有-(廣兼停8)竹興P,125,1,0,0,125,4
09P0C0008A,豐原區-公有-葫蘆墩圳平面P6,64,1,0,0,64,4
07P0C0004C,南屯區-公有-大墩國中地下P,158,1,0,0,158,4
05P0C0015C,北區-公有-雙十國中地下停車場,102,1,0,0,102,4
06P0C0026A,西屯區-公有-櫻花P  ,21,9,0,0,1,2
08P0C0024A,北屯區-公有-(細廣兼停2)長富P,23,1,0,0,23,4
06P0C0011A,西屯區-公有-協和P  ,73,1,0,0,73,255
04P0C0005A,西區-公有-民龍P,25,1,0,0,25,254
08P0C0002A,北屯區-公有-(細廣停1)敦化P,13,1,0,0,13,254
08P0C0015A,北屯區-公有-昌和公園附設P,41,1,0,0,41,4
08P0C0010A,北屯區-公有-仁德P,141,1,0,0,141,254
03P0C0009A,南區-公有-德義P,30,1,0,0,30,3
28P0C0008A,大里區-公有-國光花市P,146,1,0,0,146,1
09P0C0003A,豐原區-公有-田心路平面P,37,1,0,0,37,4
28P0C0002A,大里區-公有-德芳興P,15,1,0,0,15,1
07P0C0013A,南屯區-公有-精科P,35,1,0,0,33,4
05P0C0002A,北區-公有-中賓P,178,1,0,0,178,2
04P0C0015A,西區-公有-雙龍P,17,1,0,0,17,4
02P0M0002A,東區-公有-舊建國市場臨時P,965,2,0,0,835,4
07P0C0012A,南屯區-公有-新厝P,130,1,0,0,130,4
12P0C0001A,清水區-公有-牛罵頭P,84,1,0,0,84,4
06P0C0023A,西屯區-公有-福恩P,56,1,0,0,56,4
09P0C0007A,豐原區-公有-葫蘆墩圳平面P5,43,1,0,0,43,4
04P0C0002A,西區-公有-土庫P,93,1,0,0,93,2
06P0C0009A,西屯區-公有-同心P  ,15,9,0,0,1,2
03P0C0008A,南區-公有-復興P,9,1,0,0,9,3
09P0C0013A,豐原區-公有-廣兼停二P,134,1,0,0,134,2
28P0C0006A,大里區-公有-國光公園P,29,1,0,0,29,1
17P0C0003B,潭子區-公有-潭興立體停車場,300,1,0,0,300,4
05P0C0011A,北區-公有-建成P,58,1,0,0,58,2
05P0C0006A,北區-公有-忠明路臨時P,100,1,0,0,100,4
07P0C0009A,南屯區-公有-春安P,33,0,0,0,33,255
07P0C0011A,南屯區-公有-惠文P,310,1,0,0,310,255
08P0C0013C,北屯區-公有-民俗公園地下P,273,1,0,0,273,4
08P0C0018A,北屯區-公有-軍功P,41,1,0,0,41,1
03P0C0012A,南區-公有-城隍機車停車場,104,2,0,0,104,4
03P0C0013A,南區-公有-工學六街停車場,9,0,0,0,9,4
27P0C0004A,太平區-公有-新光廣兼停一P,68,0,0,0,68,3
07P0C0002A,南屯區-公有-大進P,29,1,0,0,29,4
05P0C0009A,北區-公有-金華P,45,1,0,0,45,4
03P0C0004C,南區-公有-健康公園地下P,31,1,0,0,31,1
28P0C0004A,大里區-公有-大新P,29,1,0,0,29,1
47940406,林默娘停車場,395,2,0,0,212,4
85744208,崇善路龍山停車場,158,11,0,0,7,4
88909858,復興停車場,23,1,0,0,23,2
85766482-2,南科西側停車場,314,2,0,0,290,4
47940378,水景停車場,125,1,0,0,125,4
47847561,新營綠都心停車場,295,1,0,0,295,2
81290486,長榮崇明停車場,16,11,0,0,1,2
89096035,和平公園停車場,90,11,0,1,5,2
47862936,公園南路停車場,280,11,0,0,14,2
40814707,東光路地下停車場,504,15,0,1,252,5
89022098,新市富中停車場,77,1,0,1,77,4
97100722,臺南航空站旅客停車場,114,1,0,0,114,2
47931027,北安停車場,17,1,0,1,17,4
54555420,海安地下停車場,1036,1,0,1,1036,2
47911872,崇明E6停車場,115,11,0,0,3,4
88908324,目加溜灣橋下停車場,62,1,0,0,62,2
81401856,裕文停車場,20,1,0,0,20,2
81339426,泉南里停車場,17,11,0,0,1,2
85585519,永福停車場,34,1,0,1,34,4
88908318,臺鐵南科車站西側(第二區)停車場,33,1,0,0,33,2
81401820,華平二停車場,20,1,0,1,20,4
37709940,五都停車場高鐵台南二站,89,1,0,0,89,4
88917506,太子成大勝利(太子會館),272,1,0,1,272,4
81319060,富北停車場,11,1,0,1,11,4
81290514,東橋八街停車場,91,11,0,0,2,2
47911795,崇明E37停車場,28,11,0,0,1,4
81319364,水交社停車場,199,1,0,1,199,4
81401841,立德停車場,133,1,0,0,133,2
89038628,友愛街機車停車場,103,12,0,0,5,2
81386285,永康大橋後站停車場,21,1,0,0,21,3
81946029,兵仔市停車場,32,1,0,1,32,4
47940399-2,港濱停車場 (第二區),22,1,0,0,20,4
81290471,民生路停車場,124,11,0,0,6,2
85567580,興濟二站停車場,32,1,0,1,32,4
81496017,五都停車場台南車寶貝站,142,1,0,0,142,4
10740980,建業停車場,47,1,0,1,47,4
89021751,台南府連停車場,53,1,0,1,53,4
47862942,西門育賢停車場,29,11,0,0,2,2
88915991,善化中正停車場,11,1,0,1,11,4
47911818,和平公園停車場,85,11,0,0,2,4
81613227,台南健康停車場,20,1,0,1,20,4
47847561-A,大宏社區停車場,27,1,0,0,27,2
47927760,關聖里停車場,68,1,0,0,68,2
40856918,廣二機車停車場,389,12,0,0,4,4
47927776,台南南一停車場,18,1,0,1,18,4
89050713,平實公園地下停車場,226,11,0,0,12,2
88864091,成大勝利停車場,90,1,0,1,90,4
47940383,億載停車場,92,11,0,1,2,4
47939674,大學路(社E2)停車場,277,11,0,1,4,4
47885804,萬昌停車場,27,1,0,0,27,2
85766716-2,富安三街停車場,175,1,0,0,175,4
37695615,五都停車場高鐵台南站,452,2,0,0,17,4
81368744,東興停車場,39,1,0,1,39,4
85766716-1,富中街停車場,129,1,0,0,129,4
47885810,環河停車場,34,1,0,0,34,2
47911839,德光公園停車場,20,11,0,0,1,4
88918738,新營和平停車場,30,1,0,1,30,4
89049982,台南會展中心停車場,416,1,0,0,416,2
47931011,西華停車場,18,1,0,1,18,4
81320382,大學路社E1停車場,57,1,0,0,52,2
37621369,高鐵橋下台南停車場,198,1,0,0,198,3
88908204,LM陽光電城停車場,101,1,0,0,101,2
85766482-1,南科東側停車場,298,2,0,0,236,4
88909843,復華一街停車場,55,1,0,0,55,2
89050734,大道停6停車場,56,11,0,0,3,2
89050740,北園公兒停車場,167,11,0,0,9,2
81305474,永福路停車場,27,11,0,0,1,2
47940399-1,港濱停車場 (第一區),38,1,0,0,36,4
47882362,榮譽街停車場,352,1,0,0,352,2
89050973,中華路58巷停車場,52,11,0,0,3,2
89050848,運河星鑽停車場,28,11,0,0,2,2
81305489,民族路停車場,28,1,0,0,25,2
47941279,永華停車場,46,1,0,1,46,4
102,承德公園地下停車場,182,1,0,1,182,255
081,康樂立體停車場,150,1,0,0,150,255
062,忠孝玉成停車場,49,1,0,0,49,255
003,臺北市災害應變中心地下停車場,169,1,0,1,169,255
014,興雅國中地下停車場,447,1,0,1,447,255
028,松山高中地下停車場,226,1,0,1,226,255
078,洲子立體停車場,390,1,0,1,390,255
033,進安公園地下停車場,154,1,0,0,154,255
165,玉成公園地下停車場,412,1,0,1,412,255
187,松山工農地下停車場,239,1,0,1,239,255
015,峨眉立體停車場,518,1,0,0,518,255
055,市民大道(塔城段),252,1,0,1,252,255
667,木柵社會住宅地下停車場,92,1,0,0,92,255
018,洛陽綜合立體停車場,1654,1,0,0,1654,255
020,百齡高中地下停車場,231,1,0,0,231,255
084,麗湖國小地下停車場,229,1,0,0,229,255
022,五分埔公園地下停車場,210,1,0,0,210,255
372,八德立體停車場,310,1,0,0,310,255
019,塔城公園地下停車場,155,1,0,1,155,255
105,玉成國小地下停車場,285,1,0,1,285,255
195,新糖廍公園地下停車場,70,1,0,0,70,255
760,延平國小地下停車場,309,1,0,0,309,255
023,民權公園地下停車場,731,1,0,0,731,255
120,世貿公園地下停車場,400,1,0,1,400,255
027,景華公園地下停車場,750,1,0,1,750,255
036,大豐公園地下停車場,234,1,0,0,234,255
082,永盛公園地下停車場,224,1,0,1,224,255
070,榮星花園地下停車場,247,1,0,0,247,255
114,景美國小地下停車場,253,1,0,0,253,255
103,南港國小地下停車場,311,1,0,1,311,255
032,西松高中地下停車場,341,1,0,0,341,255
048,信義廣場地下停車場,372,1,0,1,372,255
093,建成公園地下停車場,227,1,0,0,227,255
097,海光公園地下停車場,105,1,0,1,105,255
124,社子國小地下停車場,476,1,0,0,476,255
031,附中公園地下停車場,116,1,0,1,116,255
075,中崙高中地下停車場,354,1,0,0,354,255
079,僑安地下停車場,422,1,0,0,422,255
052,民生社區活動中心地下停車場,155,1,0,0,155,255
040,健康國小地下停車場,199,1,0,0,199,255
060,台北時代寓所地下平面停車場,137,1,0,0,137,255
784,廣慈社會住宅1區地下停車場,369,1,0,0,369,255
002,松壽廣場地下停車場,455,1,0,0,455,255
043,興中立體停車場,650,1,0,1,650,255
215,莒光立體停車場,123,1,0,0,123,255
092,濱江國中地下停車場,215,1,0,0,215,255
111,蘭雅公園地下停車場,155,1,0,1,155,255
640,萬華車站地下停車場,297,1,0,0,297,255
049,大業立體停車場,120,1,0,0,120,255
038,成德立體停車場,180,1,0,0,180,255
783,小彎社會住宅地下停車場,237,1,0,0,237,255
722,東明公共住宅乙區地下停車場,325,1,0,0,325,255
087,民有市場地下停車場,334,1,0,1,334,255
067,雙園國中地下停車場,314,1,0,1,314,255
193,松山國小地下停車場,292,1,0,0,292,255
029,東湖國小地下停車場,358,1,0,0,358,255
249,啟聰學校地下停車場,171,1,0,1,171,255
099,長安國小地下停車場,280,1,0,1,280,255
720,健康2區社會住宅地下停車場,148,1,0,0,148,255
037,大安高工地下停車場,527,1,0,0,527,255
107,信義國小地下停車場,232,1,0,1,232,255
718,青年一期社會住宅地下停車場,132,1,0,0,132,255
666,明倫社會住宅地下停車場,239,1,0,0,239,255
066,揚雅立體停車場,200,1,0,0,200,255
829,安康公車調度站臨時平面停車場,117,1,0,0,117,255
721,東明公共住宅甲區地下停車場,64,1,0,0,64,255
714,瑞光社會住宅地下停車場,194,1,0,0,194,255
034,辛亥國小地下停車場,132,1,0,0,132,255
016,中山堂地下停車場,441,1,0,0,441,255
073,林森公園地下停車場,850,1,0,1,850,255
702,大港墘公園地下停車場,258,1,0,0,258,255
128,萬興國小地下停車場,226,1,0,1,226,255
057,市民大道(公中段),184,1,0,1,184,255
109,湖興立體停車場,251,1,0,0,251,255
085,臺北花木批發市場地下停車場,420,1,0,0,420,255
059,市民大道(林金段),993,1,0,1,993,255
106,蓬萊國小地下停車場,286,1,0,0,286,255
113,興隆公園地下停車場,253,1,0,0,253,255
054,北寧路地下停車場,78,1,0,0,78,255
068,文昌國小地下停車場,222,1,0,0,222,255
713,新奇岩社會住宅地下停車場,170,1,0,0,170,255
100,臺北榮民總醫院地面停車場,334,1,0,0,334,255
005,立農公園地下停車場,204,1,0,1,204,255
098,港富立體停車場,244,1,0,0,244,255
119,大龍國小地下停車場,266,1,0,1,266,255
001,府前廣場地下停車場,2043,1,0,0,2043,255
058,市民大道(中林段),506,1,0,1,506,255
080,龍門國中地下停車場,730,1,0,1,730,255
044,青年公園高爾夫球場地下停車場,319,1,0,0,319,255
007,萬華國中地下停車場,519,1,0,1,519,255
785,廣慈社會住宅2區地下停車場,268,1,0,0,268,255
053,民生立體停車場,457,1,0,0,457,255
056,大安森林公園地下停車場,1352,1,0,0,1352,255
090,萬板地下停車場,180,1,0,0,180,255
129,西康地下停車場,88,1,0,0,88,255
039,社園立體停車場,260,1,0,0,260,255
025,古亭國中地下停車場,254,1,0,1,254,255
024,金華公園地下停車場,189,1,0,0,189,255
035,成淵高中地下停車場,265,1,0,1,265,255
030,大稻埕公園地下停車場,203,1,0,0,203,255
089,春光公園地下停車場,219,1,0,0,219,255
086,振興公園地下停車場,210,1,0,0,210,255
096,石牌國小地下停車場,472,1,0,0,472,255
041,忠信地下停車場,314,1,0,0,314,255
188,松山車站地下停車場,431,1,0,1,431,255
768,興隆公宅D1停車場,128,1,0,0,128,255
042,建成國中地下停車場,326,1,0,1,326,255
088,三張里地下停車場,366,1,0,1,366,255
021,前港公園地下停車場,524,1,0,1,524,255
071,朝陽公園地下停車場,244,1,0,0,244,255
069,青年公園棒球場地下停車場,270,1,0,0,270,255
229,歐特儀股份有限公司捷運石牌站轉乘停車場,194,1,0,1,194,255
072,福林公園地下停車場,241,1,0,0,241,255
719,健康1區社會住宅地下停車場,134,1,0,0,134,255
074,偶戲博物館地下停車場,71,1,0,0,71,255
TTT016,長濱鄉壹號停車場,48,1,0,0,48,5
TTT010,台東火車站四處路外停車場(A區),112,1,0,0,112,3
TTT019,台東新生地下停車場,301,1,0,0,301,4
AO040002,五福地下停車場,124,1,0,0,124,1
AO060006,新榮平面停車場,36,1,0,0,36,1
AO020014,站前東停車場,73,1,0,0,73,4
AO030009,建國一村停車場,271,1,0,0,271,4
AO020017,延平立體停車場,201,1,0,0,201,4
AO020028,中央地下停車場,312,9,0,0,8,4
AO070005,大和段停車場,45,0,0,0,45,4
AO070017,明光街停車場,43,1,0,0,40,1
AO100003,大園區廣停二停車場,29,1,0,0,29,4
AO100007,大園區停六停車場,38,1,0,0,38,4
AO020007,中壢自強立體停車場,314,1,0,0,314,1
AO070014,建德停車場,40,1,0,0,40,1
AO020027,永發停車場,146,1,0,0,146,4
AO020036,文化公園停車場,329,11,0,1,12,4
AO010006,龍安一停車場,17,1,0,0,17,1
AO040001,南崁公一地下停車場,586,1,0,0,586,1
AO010012,朝陽公園停車場,45,1,0,0,45,1
AO020009,廣停一停車場,77,1,0,0,77,4
AO080001,新成立體停車場,83,1,0,0,83,1
AO010017,桃園藝文園區地下停車場,517,1,0,0,517,4
AO020032,青松公有停車場,154,1,0,0,40,4
AO010019,文小二停車場,483,1,0,0,483,4
AO020025,新明國小地下停車場,286,10,0,0,7,4
AO010026,武陵小段停車場,22,1,0,0,22,1
AO100002,大園區廣停一停車場,172,1,0,0,172,4
AO050002,運動公園平面停車場,105,1,0,0,105,2
AO120001,觀音建國停車場,111,1,0,0,111,4
AO010001,西門地下停車場,548,1,0,0,548,4
AO030003,停四停車場,48,1,0,0,48,4
AO020010,坤慶公園地下停車場,32,1,0,0,32,4
AO010033,桃園文昌公園地下停車場,567,2,0,0,250,4
AO020029,文康停車場,109,1,0,0,109,4
AO070015,八德區廣興停車場,42,1,0,0,42,1
AO010037,廈門立體停車場,227,1,0,0,227,4
AO010010,大檜溪公園地下室停車場,65,1,0,0,65,4
AO080011,瑞溪停車場,81,1,0,0,81,1
AO030005,文德公園停車場,30,1,0,0,30,4
AO090001,長興停車場,83,1,0,0,83,1
AO030007,中興里停車場,8,1,0,0,8,5
AO070011,八德區瑞祥停車場,178,1,0,0,178,1
AO070009,和義一停車場,26,9,0,0,1,4
AO080005,永福停車場,11,1,0,0,11,1
AO020005,中壢內壢站,49,1,0,0,49,1
AO020003,中壢忠孝站,92,1,0,0,92,1
AO010013,建國公園停車場,23,1,0,0,23,1
AO010011,陽明公園停車場,86,1,0,0,86,1
AO010027,中路停一停車場,65,1,0,0,65,1
AO010003,水汴頭平面停車場,119,1,0,0,119,4
AO020026,雙嶺停車場,116,1,0,0,116,4
AO040006,南崁廣停一平面停車場,134,2,0,0,134,4
AO040004,大新平面停車場,28,1,0,0,28,1
AO070012,大湳公有停車場,207,1,0,0,207,4
AO010014,三民公園停車場,61,1,0,0,61,1
AO010034,桃園復興停車場,69,2,0,0,69,4
AO010021,殯葬園區停車場,213,1,0,0,213,4
AO010025,府前地下停車場,334,1,0,0,334,1
AO020040,大江公有停車場,39,1,0,0,39,4
AO060008,坤慶平面停車場,86,1,0,0,86,1
AO010005,青溪停車場,65,1,0,0,65,1
AO020039,中壢石頭段停車場,79,1,0,0,79,4
AO020031,青商公有停車場,160,1,0,0,160,4
AO080017,  五福公園停車場 ,120,1,0,0,120,1
AO020016,永春停車場,108,1,0,0,108,4
AO070004,廣豐二停車場,150,0,0,0,150,4
AO010035,創新園區二期停車場,37,1,0,0,37,1
AO020035,大華段公有停車場,29,1,0,0,29,4
AO010007,龍安二停車場,20,1,0,0,20,1
AO020023,台貿停車場,86,1,0,0,86,1
AO020012,正光二街停車場,27,1,0,0,27,4
AO010015,宏昌六街停車場,72,1,0,0,72,1
AO060012,1895乙未保臺紀念公園地下停車場,180,2,0,0,36,2
AO080018,楊梅區台66橋下停車場,33,1,0,0,33,4
AO050001,東龍停車場,95,1,0,0,95,2
AO070001,大忠地下停車場,332,1,0,0,332,1
AO060005,大連平面停車場,88,1,0,0,88,1
AO010008,三聖停車場,20,1,0,0,20,1
AO030004,市十三停車場,107,1,0,0,107,4
AO020011,南園停車場,60,1,0,0,60,4
AO060011,中正公有停車場,97,1,0,0,97,4
AO050003,龍華公有停車場,30,1,0,0,30,4
AO020018,中北健行停車場,443,0,0,0,443,1
AO010028,中路停三停車場,57,1,0,0,57,1
AO020020,中鑄停車場,26,1,0,0,26,1
AO020008,銀河廣場地下停車場,145,1,0,0,145,4
AO020002,中壢復興站,66,1,0,0,66,1
AO070008,忠勇停車場,50,7,0,0,1,4
AO080012,三元停車場,44,1,0,0,44,1
AO010029,中路停五停車場,115,1,0,0,115,1
AO070006,文昌街停車場,25,0,0,0,25,4
AO070002,公二地下停車場,51,1,0,0,51,1
AO050004,舊鄉代停車場,24,1,0,0,24,1
AO040005,大竹圍平面停車場,17,1,0,0,17,1
AO010023,虎頭山停車場,179,6,0,0,6,4
AO060007,大興平面停車場,27,1,0,0,27,1
AO080008,楊梅國中網球場停車場,20,1,0,0,20,1
AO020004,中壢復華站,46,1,0,0,46,1
AO080016,瑞坪停車場,58,1,0,0,58,1
AO020038,中壢區五福停車場,123,1,0,0,119,1
AO020030,青雲公有停車場,98,1,0,0,98,4
AO060001,貿東停車場,30,1,0,0,30,1
AO010032,新永和停車場,557,7,0,0,12,4
AO030008,龜山龍華停車場,23,1,0,0,23,4
AO080014,埔心車站後站停車場,53,1,0,0,53,1
AO060004,上海平面停車場,55,1,0,0,55,1
AO060003,廣北平面停車場,119,1,0,0,119,1
AO010031,南門公園地下停車場,348,1,0,0,348,1
AO010022,孔廟停車場,95,1,0,0,95,4
AO070010,和義二停車場,25,9,0,0,1,4
AO070003,廣豐一停車場,118,0,0,0,118,4
AO080006,大模停車場,42,1,0,0,42,1
AO030002,停五停車場,28,1,0,0,28,4
AO060002,廣南平面停車場,80,1,0,0,80,1
AO070016,豐田停車場,48,1,0,0,48,1
AO080010,四維停車場,72,1,0,0,72,1
AO010002,小檜溪停車場,125,1,0,0,125,4
AO080004,梅高停車場,77,1,0,0,77,1
AO100001,兒十四地下停車場,38,1,0,0,38,1
AO090003,僑愛停車場,29,1,0,0,29,1
AO020006,中壢莊敬站,220,2,0,0,220,1
AO100004,大園區停三停車場,61,1,0,0,61,4
AO100005,大園區停四停車場,38,1,0,0,38,4
AO110001,新屋區停一立體停車場,160,1,0,0,160,4
AO030006,善捷段停車場,113,1,0,0,113,4
AO020013,青昇停車場,77,1,0,0,77,4
AO080002,自立停車場,23,1,0,0,23,1
AO020024,龍平停車場,119,1,0,0,119,1
AO080003,金山停車場,37,1,0,0,37,1
AO080015,埔心公園停車場,92,1,0,0,92,1
AO010020,假日花市停車場,63,1,0,0,63,4
AO020037,中壢殯葬園區停車場,180,1,0,0,180,4
AO070013,八德區永福停車場,109,1,0,0,109,4
AO090004,桃園太武新村停車場,59,1,0,0,59,1
AO010030,中路停六停車場,115,0,0,0,115,1
AO070018,永豐路停車場,63,1,0,0,63,1
AO020019,中原國小地下停車場,423,1,0,0,423,1
AO080013,瑞塘停車場,80,1,0,0,80,1
AO010024,新民立體停車場,191,1,0,0,191,1
AO010036,桃園區大有立體暨殯葬園區平面公有停車場,559,0,0,0,559,2
AO040007,南崁廣停二平面停車場,17,1,0,0,17,4
AO010004,建國停車場,105,1,0,0,105,1
AO020022,龍岡停車場,155,1,0,0,155,1
AO010018,東門溪停車場,237,2,0,0,237,4
AO030001,嘟嘟房龜山公所站停車場,185,1,0,0,185,3
AO020001,中壢忠孝黃昏市場站,35,1,0,0,35,1
AO060009,忠貞二公有停車場,15,1,0,0,15,2
AO060010,忠貞三公有停車場,57,1,0,0,57,2
AO040003,南榮地下停車場,77,1,0,0,77,1
AO080007,民族公園停車場,51,1,0,0,51,1
AO020021,興仁公園停車場,131,1,0,0,131,1
AO020015,站前西停車場,90,1,0,0,90,4
AO010016,桃園新站停車場,138,1,0,0,38,1
AO100006,大園區停五停車場,38,1,0,0,38,4
AO010009,吉安停車場,57,1,0,0,57,1
AO090002,橋頭停車場,584,1,0,0,584,1
45,南安國小社區公共停車場,50,1,0,0,50,3
34,羅東停三停車場,121,1,0,0,75,3
71,宜蘭縣大同鄉旅遊服務中心附設停車場,104,1,0,0,54,3
49,傳忠有限公司-頭城站停車場,100,1,0,0,46,3
25,宜蘭幸福（停六）停車場,102,5,0,0,7,3
93,江陵建設股份有限公司礁溪停車場,47,1,0,0,47,3
4,宜蘭縣政府警察局拖吊車輛保管場停車場,182,1,0,0,68,3
40,奇利停車場,66,1,0,0,66,3
107,宜蘭縣文化中心停車場,60,1,0,0,60,3
66,冬山鄉第一公有停車場,43,5,0,0,13,3
4,宜蘭縣政府警察局拖吊車輛保管場停車場,182,1,0,0,68,3
4,宜蘭縣政府警察局拖吊車輛保管場停車場,182,5,0,0,2,3
4,宜蘭縣政府警察局拖吊車輛保管場停車場,182,1,0,0,68,3
49,傳忠有限公司-頭城站停車場,100,2,0,0,54,3
49,傳忠有限公司-頭城站停車場,100,1,0,0,46,3
53,礁溪鄉公共造產地景廣場停車場,50,1,0,0,47,3
64,中興文化創意產業園區停車場,121,1,0,0,61,3
29,羅東鎮公共造產停車場(公所前停車場),61,1,0,0,61,3
64,中興文化創意產業園區停車場,121,2,0,0,53,3
71,宜蘭縣大同鄉旅遊服務中心附設停車場,104,1,0,0,54,3
14,TIMES宜蘭中山路停車場,13,1,0,0,13,3
69,冬山停一停車場,160,1,0,0,80,3
71,宜蘭縣大同鄉旅遊服務中心附設停車場,104,1,0,0,54,3
66,冬山鄉第一公有停車場,43,5,0,0,13,3
7,國立陽明交通大學附設醫院停車場,79,1,0,0,79,3
69,冬山停一停車場,160,2,0,0,80,3
66,冬山鄉第一公有停車場,43,5,0,0,13,3
4,宜蘭縣政府警察局拖吊車輛保管場停車場,182,1,0,0,68,3
69,冬山停一停車場,160,1,0,0,80,3
16,車頭停車場,94,2,0,0,94,3
40,奇利停車場,66,1,0,0,66,3
39,陽明停車場,41,1,0,0,41,3
101,中興文化創意產業園區臨時停車場,374,2,0,0,238,3
64,中興文化創意產業園區停車場,121,2,0,0,53,3
66,冬山鄉第一公有停車場,43,5,0,0,13,3
69,冬山停一停車場,160,2,0,0,80,3
101,中興文化創意產業園區臨時停車場,374,1,0,0,136,3
69,冬山停一停車場,160,1,0,0,80,3
84,TIMES羅東光榮路停車場,37,1,0,0,37,3
86,寶昌停車場,115,2,0,0,115,3
101,中興文化創意產業園區臨時停車場,374,1,0,0,136,3
71,宜蘭縣大同鄉旅遊服務中心附設停車場,104,2,0,0,42,3
69,冬山停一停車場,160,1,0,0,80,3
66,冬山鄉第一公有停車場,43,5,0,0,13,3
86,寶昌停車場,115,2,0,0,115,3
5,宜蘭縣政府停車場,564,1,0,0,264,3
45,南安國小社區公共停車場,50,1,0,0,50,3
64,中興文化創意產業園區停車場,121,5,0,0,7,3
45,南安國小社區公共停車場,50,1,0,0,50,3
71,宜蘭縣大同鄉旅遊服務中心附設停車場,104,5,0,0,8,3
49,傳忠有限公司-頭城站停車場,100,1,0,0,46,3
26,羅東立體停車場,245,1,0,0,245,3
102,威斯汀公園停車場,52,1,0,0,23,3
4,宜蘭縣政府警察局拖吊車輛保管場停車場,182,2,0,0,112,3
71,宜蘭縣大同鄉旅遊服務中心附設停車場,104,2,0,0,42,3
69,冬山停一停車場,160,1,0,0,80,3
101,中興文化創意產業園區臨時停車場,374,1,0,0,136,3
33,羅東停一停車場,146,2,0,0,80,3
101,中興文化創意產業園區臨時停車場,374,1,0,0,136,3
5,宜蘭縣政府停車場,564,2,0,0,300,3
71,宜蘭縣大同鄉旅遊服務中心附設停車場,104,2,0,0,42,3
66,冬山鄉第一公有停車場,43,1,0,0,30,3
37,宜蘭縣政府文化局羅東文化工場停車場,186,1,0,0,107,3
49,傳忠有限公司-頭城站停車場,100,2,0,0,54,3
90,TIMES宜蘭礁溪路第3【巴士月租】停車場,13,5,0,0,13,3
45,南安國小社區公共停車場,50,1,0,0,50,3
101,中興文化創意產業園區臨時停車場,374,1,0,0,136,3
107,宜蘭縣文化中心停車場,60,1,0,0,60,3
84,TIMES羅東光榮路停車場,37,1,0,0,37,3
64,中興文化創意產業園區停車場,121,5,0,0,7,3
69,冬山停一停車場,160,1,0,0,80,3
62,台灣聯通礁溪麒麟場停車場,138,1,0,0,138,3
71,宜蘭縣大同鄉旅遊服務中心附設停車場,104,1,0,0,54,3
40,奇利停車場,66,1,0,0,66,3
5,宜蘭縣政府停車場,564,1,0,0,264,3
37,宜蘭縣政府文化局羅東文化工場停車場,186,1,0,0,107,3
49,傳忠有限公司-頭城站停車場,100,2,0,0,54,3
5,宜蘭縣政府停車場,564,1,0,0,264,3
37,宜蘭縣政府文化局羅東文化工場停車場,186,1,0,0,107,3
66,冬山鄉第一公有停車場,43,5,0,0,13,3
86,寶昌停車場,115,2,0,0,115,3
64,中興文化創意產業園區停車場,121,1,0,0,61,3
5,宜蘭縣政府停車場,564,1,0,0,264,3
70,冬山河生態綠舟停車場,223,2,0,0,81,3
4,宜蘭縣政府警察局拖吊車輛保管場停車場,182,1,0,0,68,3
52,頭城鎮大溪漁港停車場,166,5,0,0,3,3
69,冬山停一停車場,160,2,0,0,80,3
107,宜蘭縣文化中心停車場,60,1,0,0,60,3
37,宜蘭縣政府文化局羅東文化工場停車場,186,1,0,0,107,3
62,台灣聯通礁溪麒麟場停車場,138,1,0,0,138,3
71,宜蘭縣大同鄉旅遊服務中心附設停車場,104,2,0,0,42,3
37,宜蘭縣政府文化局羅東文化工場停車場,186,2,0,0,79,3
4,宜蘭縣政府警察局拖吊車輛保管場停車場,182,2,0,0,112,3
17,宜蘭新月停車場,277,1,0,0,277,3
5,宜蘭縣政府停車場,564,1,0,0,264,3
107,宜蘭縣文化中心停車場,60,1,0,0,60,3
63,冬山河親水公園西側停車場,390,2,0,0,40,3
42,財團法人天主教靈醫會羅東聖母醫院停車場,219,1,0,0,219,3
3,宜蘭市公共造產中央臨時收費停車場,185,1,0,0,185,3
5,宜蘭縣政府停車場,564,1,0,0,264,3
62,台灣聯通礁溪麒麟場停車場,138,1,0,0,138,3
64,中興文化創意產業園區停車場,121,1,0,0,61,3
93,江陵建設股份有限公司礁溪停車場,47,1,0,0,47,3
35,公正平面停車場,45,1,0,0,45,3
37,宜蘭縣政府文化局羅東文化工場停車場,186,2,0,0,79,3
94,TIMES宜蘭礁溪路第2停車場,452,2,0,0,357,3
101,中興文化創意產業園區臨時停車場,374,2,0,0,238,3
49,傳忠有限公司-頭城站停車場,100,2,0,0,54,3
37,宜蘭縣政府文化局羅東文化工場停車場,186,1,0,0,107,3
87,羅東停四停車場,141,2,0,0,141,3
69,冬山停一停車場,160,1,0,0,80,3
71,宜蘭縣大同鄉旅遊服務中心附設停車場,104,2,0,0,42,3
62,台灣聯通礁溪麒麟場停車場,138,1,0,0,138,3
62,台灣聯通礁溪麒麟場停車場,138,1,0,0,138,3
86,寶昌停車場,115,2,0,0,115,3
93,江陵建設股份有限公司礁溪停車場,47,1,0,0,47,3
49,傳忠有限公司-頭城站停車場,100,2,0,0,54,3
64,中興文化創意產業園區停車場,121,1,0,0,61,3
55,臺鐵礁溪站前停車場,96,2,0,0,36,3
45,南安國小社區公共停車場,50,1,0,0,50,3
65,冬山鄉仁山植物園停車場,265,5,0,0,32,3
40,奇利停車場,66,1,0,0,66,3
61,五峰旗停車場,215,1,0,0,215,3
61,五峰旗停車場,215,1,0,0,215,3
71,宜蘭縣大同鄉旅遊服務中心附設停車場,104,2,0,0,42,3
101,中興文化創意產業園區臨時停車場,374,2,0,0,238,3
4,宜蘭縣政府警察局拖吊車輛保管場停車場,182,2,0,0,112,3
61,五峰旗停車場,215,1,0,0,215,3
49,傳忠有限公司-頭城站停車場,100,1,0,0,46,3
69,冬山停一停車場,160,1,0,0,80,3
45,南安國小社區公共停車場,50,1,0,0,50,3
5,宜蘭縣政府停車場,564,1,0,0,264,3
69,冬山停一停車場,160,2,0,0,80,3
46,蘇澳鎮公共造產蘇澳停車場,23,1,0,0,18,3
101,中興文化創意產業園區臨時停車場,374,2,0,0,238,3
84,TIMES羅東光榮路停車場,37,1,0,0,37,3
93,江陵建設股份有限公司礁溪停車場,47,1,0,0,47,3
107,宜蘭縣文化中心停車場,60,1,0,0,60,3
69,冬山停一停車場,160,2,0,0,80,3
71,宜蘭縣大同鄉旅遊服務中心附設停車場,104,5,0,0,8,3
82,TIMES羅東第2停車場,75,1,0,0,75,3
93,江陵建設股份有限公司礁溪停車場,47,1,0,0,47,3
59,礁溪停車場,40,1,0,0,40,3
84,TIMES羅東光榮路停車場,37,1,0,0,37,3
4,宜蘭縣政府警察局拖吊車輛保管場停車場,182,2,0,0,112,3
84,TIMES羅東光榮路停車場,37,1,0,0,37,3
37,宜蘭縣政府文化局羅東文化工場停車場,186,1,0,0,107,3
101,中興文化創意產業園區臨時停車場,374,1,0,0,136,3
4,宜蘭縣政府警察局拖吊車輛保管場停車場,182,2,0,0,112,3
86,寶昌停車場,115,2,0,0,115,3
64,中興文化創意產業園區停車場,121,5,0,0,7,3
84,TIMES羅東光榮路停車場,37,1,0,0,37,3
93,江陵建設股份有限公司礁溪停車場,47,1,0,0,47,3
57,盱江新村停車場,46,1,0,0,46,3
64,中興文化創意產業園區停車場,121,5,0,0,7,3
49,傳忠有限公司-頭城站停車場,100,1,0,0,46,3
61,五峰旗停車場,215,1,0,0,215,3
64,中興文化創意產業園區停車場,121,2,0,0,53,3
107,宜蘭縣文化中心停車場,60,1,0,0,60,3
95,威斯汀公園停車場,52,1,0,0,23,3
61,五峰旗停車場,215,1,0,0,215,3
23,清標停車場,86,1,0,0,86,3
66,冬山鄉第一公有停車場,43,1,0,0,30,3
69,冬山停一停車場,160,1,0,0,80,3
5,宜蘭縣政府停車場,564,1,0,0,264,3
54,礁溪鄉公共造產水景廣場停車場,68,1,0,0,42,3
81,TIMES羅東轉運站第2停車場,61,1,0,0,18,3
61,五峰旗停車場,215,1,0,0,215,3
86,寶昌停車場,115,2,0,0,115,3
30,羅東鎮公共造產停車場(公所前廣停停車場),34,1,0,0,34,3
84,TIMES羅東光榮路停車場,37,1,0,0,37,3
40,奇利停車場,66,1,0,0,66,3
5,宜蘭縣政府停車場,564,2,0,0,300,3
37,宜蘭縣政府文化局羅東文化工場停車場,186,2,0,0,79,3
93,江陵建設股份有限公司礁溪停車場,47,1,0,0,47,3
66,冬山鄉第一公有停車場,43,5,0,0,13,3
86,寶昌停車場,115,2,0,0,115,3
93,江陵建設股份有限公司礁溪停車場,47,1,0,0,47,3
69,冬山停一停車場,160,2,0,0,80,3
61,五峰旗停車場,215,1,0,0,215,3
49,傳忠有限公司-頭城站停車場,100,1,0,0,46,3
107,宜蘭縣文化中心停車場,60,1,0,0,60,3
44,蘇澳冷泉停車場,94,2,0,0,24,3
64,中興文化創意產業園區停車場,121,2,0,0,53,3
41,羅東夜市停車場,10,1,0,0,10,3
78,羅東民生大樓地下停車場,123,1,0,0,123,3
86,寶昌停車場,115,2,0,0,115,3
93,江陵建設股份有限公司礁溪停車場,47,1,0,0,47,3
66,冬山鄉第一公有停車場,43,1,0,0,30,3
4,宜蘭縣政府警察局拖吊車輛保管場停車場,182,5,0,0,2,3
76,嘟嘟房宜蘭中山公園站,92,1,0,0,92,3
62,台灣聯通礁溪麒麟場停車場,138,1,0,0,138,3
37,宜蘭縣政府文化局羅東文化工場停車場,186,1,0,0,107,3
101,中興文化創意產業園區臨時停車場,374,2,0,0,238,3
40,奇利停車場,66,1,0,0,66,3
93,江陵建設股份有限公司礁溪停車場,47,1,0,0,47,3
4,宜蘭縣政府警察局拖吊車輛保管場停車場,182,5,0,0,2,3
5,宜蘭縣政府停車場,564,1,0,0,264,3
45,南安國小社區公共停車場,50,1,0,0,50,3
8,和睦停車場,446,1,0,0,95,3
61,五峰旗停車場,215,1,0,0,215,3
72,清水地熱停車場,293,2,0,0,22,3
40,奇利停車場,66,1,0,0,66,3
66,冬山鄉第一公有停車場,43,1,0,0,30,3
45,南安國小社區公共停車場,50,1,0,0,50,3
66,冬山鄉第一公有停車場,43,1,0,0,30,3
40,奇利停車場,66,1,0,0,66,3
93,江陵建設股份有限公司礁溪停車場,47,1,0,0,47,3
51,忠僕停車場,45,1,0,0,42,3
71,宜蘭縣大同鄉旅遊服務中心附設停車場,104,2,0,0,42,3
64,中興文化創意產業園區停車場,121,5,0,0,7,3
30,羅東鎮公共造產停車場(公所前廣停停車場),34,1,0,0,34,3
4,宜蘭縣政府警察局拖吊車輛保管場停車場,182,1,0,0,68,3
37,宜蘭縣政府文化局羅東文化工場停車場,186,2,0,0,79,3
27,宜蘭縣羅東鎮南門地下停車場,279,1,0,0,279,3
60,龍潭湖風景區停車場,144,5,0,0,25,3
37,宜蘭縣政府文化局羅東文化工場停車場,186,2,0,0,79,3
4,宜蘭縣政府警察局拖吊車輛保管場停車場,182,1,0,0,68,3
88,TIMES羅東安平路停車場,16,1,0,0,16,3
49,傳忠有限公司-頭城站停車場,100,1,0,0,46,3
64,中興文化創意產業園區停車場,121,5,0,0,7,3
49,傳忠有限公司-頭城站停車場,100,1,0,0,46,3
15,TIMES宜蘭喜互惠慈安店停車場,100,1,0,0,100,3
27,宜蘭縣羅東鎮南門地下停車場,279,1,0,0,279,3
62,台灣聯通礁溪麒麟場停車場,138,1,0,0,138,3
107,宜蘭縣文化中心停車場,60,1,0,0,60,3
61,五峰旗停車場,215,1,0,0,215,3
66,冬山鄉第一公有停車場,43,5,0,0,13,3
92,湯圍溝停車場,43,1,0,0,43,3
45,南安國小社區公共停車場,50,1,0,0,50,3
56,礁溪鄉公有立體停車場,298,2,0,0,45,3
101,中興文化創意產業園區臨時停車場,374,1,0,0,136,3
28,宜蘭縣羅東鎮民生大樓停車場,262,1,0,0,262,3
64,中興文化創意產業園區停車場,121,2,0,0,53,3
66,冬山鄉第一公有停車場,43,1,0,0,30,3
89,武荖坑露營區第二停車場,247,2,0,0,39,3
86,寶昌停車場,115,2,0,0,115,3
48,豆腐岬風景區停車場,47,1,0,0,47,3
37,宜蘭縣政府文化局羅東文化工場停車場,186,2,0,0,79,3
24,順彥企業社停車場,83,1,0,0,83,3
40,奇利停車場,66,1,0,0,66,3
84,TIMES羅東光榮路停車場,37,1,0,0,37,3
101,中興文化創意產業園區臨時停車場,374,2,0,0,238,3
84,TIMES羅東光榮路停車場,37,1,0,0,37,3
64,中興文化創意產業園區停車場,121,2,0,0,53,3
69,冬山停一停車場,160,1,0,0,80,3
93,江陵建設股份有限公司礁溪停車場,47,1,0,0,47,3
61,五峰旗停車場,215,1,0,0,215,3
84,TIMES羅東光榮路停車場,37,1,0,0,37,3
40,奇利停車場,66,1,0,0,66,3
62,台灣聯通礁溪麒麟場停車場,138,1,0,0,138,3
18,宜蘭附設門診部停車場,10,1,0,0,10,3
40,奇利停車場,66,1,0,0,66,3
86,寶昌停車場,115,2,0,0,115,3
62,台灣聯通礁溪麒麟場停車場,138,1,0,0,138,3
45,南安國小社區公共停車場,50,1,0,0,50,3
45,南安國小社區公共停車場,50,1,0,0,50,3
38,倉前停車場,197,1,0,0,187,3
49,傳忠有限公司-頭城站停車場,100,1,0,0,46,3
37,宜蘭縣政府文化局羅東文化工場停車場,186,1,0,0,107,3
11,宜蘭林森（停五）停車場,285,2,0,0,173,3
45,南安國小社區公共停車場,50,1,0,0,50,3
37,宜蘭縣政府文化局羅東文化工場停車場,186,2,0,0,79,3
61,五峰旗停車場,215,1,0,0,215,3
101,中興文化創意產業園區臨時停車場,374,2,0,0,238,3
45,南安國小社區公共停車場,50,1,0,0,50,3
62,台灣聯通礁溪麒麟場停車場,138,1,0,0,138,3
40,奇利停車場,66,1,0,0,66,3
86,寶昌停車場,115,2,0,0,115,3
107,宜蘭縣文化中心停車場,60,1,0,0,60,3
49,傳忠有限公司-頭城站停車場,100,1,0,0,46,3
79,TIMES羅東第1停車場,32,1,0,0,32,3
107,宜蘭縣文化中心停車場,60,1,0,0,60,3
62,台灣聯通礁溪麒麟場停車場,138,1,0,0,138,3
19,宜蘭新月站停車場,93,1,0,0,93,3
45,南安國小社區公共停車場,50,1,0,0,50,3
5,宜蘭縣政府停車場,564,2,0,0,300,3
86,寶昌停車場,115,2,0,0,115,3
61,五峰旗停車場,215,1,0,0,215,3
105,川湯春天溫泉酒店站前停車場,130,1,0,0,69,3
22,國立陽明交通大學附設醫院蘭陽院區停車場,786,1,0,0,382,3
91,礁溪溫泉公園停車場,42,1,0,0,42,3
37,宜蘭縣政府文化局羅東文化工場停車場,186,2,0,0,79,3
49,傳忠有限公司-頭城站停車場,100,1,0,0,46,3
93,江陵建設股份有限公司礁溪停車場,47,1,0,0,47,3
83,宏達經營管理顧問有限公司羅東停車場,45,1,0,0,45,3
86,寶昌停車場,115,2,0,0,115,3
36,北成國小停車場,72,1,0,0,72,3
40,奇利停車場,66,1,0,0,66,3
107,宜蘭縣文化中心停車場,60,1,0,0,60,3
84,TIMES羅東光榮路停車場,37,1,0,0,37,3
32,羅東林業文化園區南停車場,45,1,0,0,45,3
66,冬山鄉第一公有停車場,43,1,0,0,30,3
66,冬山鄉第一公有停車場,43,1,0,0,30,3
84,TIMES羅東光榮路停車場,37,1,0,0,37,3
107,宜蘭縣文化中心停車場,60,1,0,0,60,3
2,友愛百貨股份有限公司,83,1,0,0,83,3
40,奇利停車場,66,1,0,0,66,3
104,宜蘭宜興（停一）停車場,39,1,0,0,39,3
58,礁溪轉運站停車場,219,1,0,0,57,3
77,羅東運動公園停車場,310,1,0,0,284,3
5,宜蘭縣政府停車場,564,1,0,0,264,3
4,宜蘭縣政府警察局拖吊車輛保管場停車場,182,5,0,0,2,3
101,中興文化創意產業園區臨時停車場,374,2,0,0,238,3
28,宜蘭縣羅東鎮民生大樓停車場,262,1,0,0,262,3
12,宜蘭轉運站停車場,875,2,0,0,706,3
50,蘭陽博物館停車場,255,1,0,0,153,3
107,宜蘭縣文化中心停車場,60,1,0,0,60,3
62,台灣聯通礁溪麒麟場停車場,138,1,0,0,138,3
71,宜蘭縣大同鄉旅遊服務中心附設停車場,104,5,0,0,8,3
84,TIMES羅東光榮路停車場,37,1,0,0,37,3
40,奇利停車場,66,1,0,0,66,3
62,台灣聯通礁溪麒麟場停車場,138,1,0,0,138,3
101,中興文化創意產業園區臨時停車場,374,1,0,0,136,3
84,TIMES羅東光榮路停車場,37,1,0,0,37,3
31,羅東公正國小地下停車場,351,1,0,0,351,3
2,友愛百貨股份有限公司,83,1,0,0,83,3
107,宜蘭縣文化中心停車場,60,1,0,0,60,3
40,奇利停車場,66,1,0,0,66,3
76,嘟嘟房宜蘭中山公園站,92,1,0,0,92,3
93,江陵建設股份有限公司礁溪停車場,47,1,0,0,47,3
93,江陵建設股份有限公司礁溪停車場,47,1,0,0,47,3
71,宜蘭縣大同鄉旅遊服務中心附設停車場,104,5,0,0,8,3
43,利騰企業社停車場,46,1,0,0,46,3
61,五峰旗停車場,215,1,0,0,215,3
107,宜蘭縣文化中心停車場,60,1,0,0,60,3
45,南安國小社區公共停車場,50,1,0,0,50,3
86,寶昌停車場,115,2,0,0,115,3
84,TIMES羅東光榮路停車場,37,1,0,0,37,3
62,台灣聯通礁溪麒麟場停車場,138,1,0,0,138,3
107,宜蘭縣文化中心停車場,60,1,0,0,60,3
61,五峰旗停車場,215,1,0,0,215,3
62,台灣聯通礁溪麒麟場停車場,138,1,0,0,138,3
5,宜蘭縣政府停車場,564,2,0,0,300,3
62,台灣聯通礁溪麒麟場停車場,138,1,0,0,138,3
93,江陵建設股份有限公司礁溪停車場,47,1,0,0,47,3
71,宜蘭縣大同鄉旅遊服務中心附設停車場,104,2,0,0,42,3
5,宜蘭縣政府停車場,564,1,0,0,264,3
29,羅東鎮公共造產停車場(公所前停車場),61,1,0,0,61,3
86,寶昌停車場,115,2,0,0,115,3
45,南安國小社區公共停車場,50,1,0,0,50,3
85,新創停車場,46,1,0,0,46,3
61,五峰旗停車場,215,1,0,0,215,3
106,頭城外澳停車場,23,1,0,0,23,3
26,羅東立體停車場,245,1,0,0,245,3
5,宜蘭縣政府停車場,564,2,0,0,300,3
61,五峰旗停車場,215,1,0,0,215,3
84,TIMES羅東光榮路停車場,37,1,0,0,37,3
86,寶昌停車場,115,2,0,0,115,3
