CarParkID,CarParkName_Zh_tw,Description,HourlyRates_RateName,HourlyRates_RateDescription,HourlyRates_RestrictionUserType,HourlyRates_SpaceType,HourlyRates_RateQualifier,HourlyRates_RatePrice,HourlyRates_MaxPrice,HourlyRates_MinHalfHourCharge,HourlyRates_StartTime,HourlyRates_EndTime,HourlyRates_ServiceDay_Monday,HourlyRates_ServiceDay_Tuesday,HourlyRates_ServiceDay_Wednesday,HourlyRates_ServiceDay_Thursday,HourlyRates_ServiceDay_Friday,HourlyRates_ServiceDay_Saturday,HourlyRates_ServiceDay_Sunday,HourlyRates_ServiceDay_NationalHolidays
10909,市府大樓地下停車場,平面式小型停車場261格(含婦幼停車位6格、身心障礙車位7格),市府大樓地下停車場,,0,1,30,15,,1,00:00,23:59,1,1,1,1,1,1,1,1
10814,大同國小(西榮街)停車場,平面式小型停車場18格(含婦幼停車位1格、身心障礙車位1格),大同國小(西榮街)停車場,,0,1,30,15,,1,00:00,23:59,1,1,1,1,1,1,1,1
10904Aeast,新生路停車場民族站,平面式小型停車場139格,假日,假日：20元/4hr,0,1,240,20,,1,00:00,23:59,0,0,0,0,0,1,1,1
10801east,博物館地下停車場,平面式小型停車場75格(含婦幼停車位1格、身心障礙車位1格),假日,假日：30元/1hr,0,1,60,30,,1,00:00,23:59,0,0,0,0,0,1,1,1
10721,中正公園地下停車場,平面式小型停車場129格(含婦幼停車位3格、身心障礙車位3格),20元/1hr,20元/1hr,0,1,60,20,,1,00:00,23:59,1,1,1,1,1,1,1,1
DuDuhouse,吳鳳民族站,平面式小型停車場68格(含婦幼停車位3格、身心障礙車位2格),假日,假日:25元/0.5hr,0,1,30,25,,0,00:00,23:59,0,0,0,0,0,1,1,1
10912east,嘉義東市停車場,平面式小型停車場48格(含婦幼停車位1格、身心障礙車位1格),假日,假日半小時15元,0,1,30,15,,1,00:00,23:59,0,0,0,0,0,1,1,1
10820,民族國小地下停車場,平面式小型停車場199格(含婦幼停車位3格、身心障礙車位4格),民族國小地下停車場,,0,1,30,15,,1,00:00,23:59,1,1,1,1,1,1,1,1
10808,火車站前停車場,平面式小型停車場98格(含婦幼停車位2格、身心障礙車位2格),火車站前停車場,,0,1,30,15,,1,00:00,23:59,1,1,1,1,1,1,1,1
10701east,嘉義中山停車場,平面式小型停車場29格,假日,假日：30元/0.5hr,0,1,30,30,,1,00:00,23:59,0,0,0,0,0,1,1,1
11006,西市場大樓停車場,平面式小型停車場201格(含婦幼停車位6格、身心障礙車位3格),20元/1hr,20元/1hr,0,1,60,20,,1,00:00,23:59,1,1,1,1,1,1,1,1
10909A,市府前廣場停車場,平面式小型停車場261格(含婦幼停車位6格、身心障礙車位7格),市府前廣場停車場,,0,1,30,15,,1,00:00,23:59,1,1,1,1,1,1,1,1
10817,停10(蘭停七)停車場,平面式小型停車場36格(含婦幼停車位1格、身心障礙車位1格),停10(蘭停七)停車場,,0,1,30,15,,1,00:00,23:59,1,1,1,1,1,1,1,1
10504,文化公園(停6)停車場,平面式小型停車場151格(含婦幼停車位3格、身心障礙車位3格),20元/1hr,20元/1hr,0,1,60,20,,0,00:00,23:59,1,1,1,1,1,1,1,1
10904,德安停車場,平面式小型停車場67格(含婦幼停車位2格、身心障礙車位2格),1小時20元,1小時20元,0,1,60,20,,0,00:00,23:59,1,1,1,1,1,1,1,1
10904east,新生路停車場民國站,平面式小型停車場411格,假日,假日：20元/4hr,0,1,240,20,,1,00:00,23:59,0,0,0,0,0,1,1,1
11017,金財神停車場,平面式小型停車場104格(含婦幼停車位2格、身心障礙車位2格),假日,假日1小時50元,0,1,60,50,,1,00:00,23:59,0,0,0,0,0,1,1,1
10902east,檜村里(機6)停車場,平面式小型停車場134格,小客車,小客車：20元/1hr,0,1,60,20,,0,00:00,23:59,1,1,1,1,1,1,1,1
10818,嘉義延平停車場,平面式小型停車場120格(含婦幼停車位3格、身心障礙車位3格),計時,第一小時60元，爾後每增加半小時加收30元,0,1,60,60,,1,00:00,23:59,1,1,1,1,1,1,1,1
10810,北港路(停9)停車場,平面式小型停車場39格(含婦幼停車位1格、身心障礙車位1格),北港路(停9)停車場,平面式小型停車場39格(含婦幼停車位1格、身心障礙車位1格),0,1,30,15,,1,00:00,23:59,1,1,1,1,1,1,1,1
11006A,西市場忠義街停車場,平面式小型停車場74格,20元/1hr,20元/1hr,0,1,60,20,,0,00:00,23:59,1,1,1,1,1,1,1,1
10915,轉運中心地下停車場,平面式小型停車場68格(含婦幼停車位1格、身心障礙車位1格),轉運中心地下停車場,,0,1,30,15,,1,00:00,23:59,1,1,1,1,1,1,1,1
10909B,舊市公所停車場,平面式小型停車場120格(含婦幼停車位2格、身心障礙車位2格),舊市公所停車場,,0,1,30,15,,1,00:00,23:59,1,1,1,1,1,1,1,1
Cityparking1,嘉義成仁站停車場,平面式小型停車場68格,嘉義成仁站停車場,,0,1,30,30,,1,00:00,23:59,1,1,1,1,1,1,1,1
10906,垂楊國小地下停車場,平面式小型停車場201格(含婦幼停車位4格、身心障礙車位4格),垂楊國小地下停車場,,0,1,30,15,,1,00:00,23:59,1,1,1,1,1,1,1,1
10819,中央廣場地下停車場,平面式小型停車場130格(含婦幼停車位3格、身心障礙車位4格),中央廣場地下停車場,,0,1,30,15,,1,00:00,23:59,1,1,1,1,1,1,1,1
10802,嘉義中興停車場,平面式小型停車場65格(含婦幼停車位2格、身心障礙車位2格),嘉義中興停車場,,0,1,60,20,,0,00:00,23:59,1,1,1,1,1,1,1,1
11010,嘉義蘭井街停車場,平面式小型停車場55格(含婦幼停車位2格、身心障礙車位2格),假日,假日1小時50元,0,1,60,50,,1,00:00,23:59,0,0,0,0,0,1,1,1
10918,新民二站停車場,平面式小型停車場39格(含婦幼停車位1格、身心障礙車位1格),假日,假日半小時25元,0,1,30,25,,1,00:00,23:59,0,0,0,0,0,1,1,1
10816,停14(蘭停八)停車場,平面式小型停車場45格(含婦幼停車位1格、身心障礙車位1格),停14(蘭停八)停車場,,0,1,30,15,,1,00:00,23:59,1,1,1,1,1,1,1,1
XT01,新港停一立體停車場,平面式小型車371格,自小客車計時方案,自小客車每小時20元,0,1,60,20,,1,00:00,23:59,1,1,1,1,1,1,1,1
Puzi01,廣停二停車場,平面式小型車35停車格,,,,,,,,,,,,,,,,,,
Puzi06,廣停四停車場,平面式小型車21格,,,,,,,,,,,,,,,,,,
STO004,水上鄉停（三）停車場,免費,,,,,,,,,,,,,,,,,,
P02,強展金世界停車場,小型車95格,小型車,,0,1,60,20,,1,00:00,23:59,1,1,1,1,1,1,1,1
P05,五都停車場嘉義站,小型車187格,小型車,,0,1,30,20,,1,00:00,23:59,1,1,1,1,1,1,1,1
P16,助安168嘉義高鐵站,平面小型車129格,小客車計時方案,,0,1,60,20,,0,00:00,23:59,1,1,1,1,1,1,1,1
MS0001,梅山公園停車場,平面式,,,,,,,,,,,,,,,,,,
DL01,明和休閒公園旁公有免費停車場(停一),直停與橫停,,,,,,,,,,,,,,,,,,
STO003,停二停車場,一般停車場,免費,免費,254,1,0,0,0,0,00:00,00:00,1,1,1,1,1,1,1,1
Puzi07,嘉義縣朴子市第一公有零售市場地下室停車場,第一小時免收費,機車計時方案,,0,2,60,10,,1,06:30,22:30,1,1,1,1,1,1,1,1
MS01,民雄鄉公有臨時停車場,平面式停車場有180個停車格及300個機車格,,,,,,,,,,,,,,,,,,
P12,嘉義長庚醫院停車場(西側),立體式小型車1110格,自小客車計時方案,,0,1,60,20,,1,00:00,23:59,1,1,1,1,1,1,1,1
P03,嘉義二停車場,小型車121格,小型車,,0,1,60,20,,1,00:00,23:59,1,1,1,1,1,1,1,1
P14,嘟嘟房嘉義朴子站,平面式小型車37格,小客車計時方案,,0,1,60,20,,0,00:00,23:59,1,1,1,1,1,1,1,1
Puzi03,廣停三停車場,平面式小型車11格,,,,,,,,,,,,,,,,,,
P18,廉增停車場故宮南院站,平面大型車8位、小型車545位、機車288位,,,,,,,,,,,,,,,,,,
ZPFA01,中埔鄉農會停車場,平面式小型車45格,"每小時20元，月租1,000元",,0,1,30,20,,0,00:00,23:59,1,1,1,1,1,1,1,1
CYHG05,快捷停車場,公有平面停車場,自小客車計時方案,,0,1,60,20,,1,00:00,23:59,1,1,1,1,1,1,1,1
P21,快樂停車場,平面式小型車13格、機車64格,自小客車計時方案,,0,1,60,30,,0,00:00,23:59,1,1,1,1,1,1,1,1
P11,嘉義長庚醫院停車場（東北側）,平面式小型車169格,自小客車計時方案,,0,1,60,20,,1,00:00,23:59,1,1,1,1,1,1,1,1
0001CYHG,朴子醫院停車場,民眾停車場,,,,,,,,,,,,,,,,,,
P22,佛教大林慈濟醫院停車場,平面式、地下小型車共505格,自小客車計時方案,,0,1,60,10,,0,00:00,23:59,1,1,1,1,1,1,1,1
P01,強展嘉大民雄校區停車場,平面小型車69格,小型車每小時20元,,0,1,60,20,,0,00:00,23:59,1,1,1,1,1,1,1,1
LJ03,六腳鄉公所公有停車場,提供民眾洽公使用之開放停車場，故無收取相關費用。,,,,,,,,,,,,,,,,,,
P10,嘉義長庚醫院停車場（綜合醫學大樓）,立體式小型車602格,自小客車計時方案,,0,1,60,20,,1,00:00,23:59,1,1,1,1,1,1,1,1
P07,布袋港第二停車場,小型車242格,小型車計時,,0,1,60,20,,0,00:00,23:59,1,1,1,1,1,1,1,1
MS0002,雲梯接駁停車場,平面式,,,,,,,,,,,,,,,,,,
P04,五都停車場高鐵嘉義二站,小型車762格、機車37格,小型車,,0,1,30,20,100,1,00:00,23:59,1,1,1,1,1,1,1,1
STO001,機一停車場,一般停車場,,,,,,,,,,,,,,,,,,
DS01,東石鄉港口宮停車場,小型車238格、大型車68格,,,,,,,,,,,,,,,,,,
P17,好庭車停車場,平面式小型車290格、機車130格,小客車計時方案,,0,1,60,20,,0,00:00,23:59,1,1,1,1,1,1,1,1
DL02,大林後火車站公有免費停車場(停二),汽機車混合停車場,,,,,,,,,,,,,,,,,,
Cyhg01,公有免費停車場（仁和二路、小槺榔三路）,公有免費停車場,,,,,,,,,,,,,,,,,,
P09,嘉義長庚醫院停車場（醫學大樓）,立體式小型車306格,自小客車計時方案,,0,1,60,20,,1,00:00,23:59,1,1,1,1,1,1,1,1
P19,嘟嘟房新港奉天宮站停車場,平面小型車25格,自小客車計時方案,,0,1,60,60,,0,00:00,23:59,1,1,1,1,1,1,1,1
P06,布袋港旅客服務中心停車場,平面小型車644格,小型車計時方案,,0,1,60,20,160,0,00:00,23:59,1,1,1,1,1,1,1,1
P20,樟腦寮月香停車場,平面小型車25格,,,,,,,,,,,,,,,,,,
Cyhg07,朴子配天宮公有停車場,公有免費停車場,,,,,,,,,,,,,,,,,,
P13,嘟嘟房嘉義大同站,平面式小型車13格,小客車計時方案,,0,1,60,20,,1,00:00,23:59,1,1,1,1,1,1,1,1
BD01,公有免費停車場（岑海里舊派出所旁停車場）,小型車格109格,,,,,,,,,,,,,,,,,,
CYHG02,創新地下停車場,地下停車場,自小客車計時方案,,0,1,60,10,,0,08:00,17:00,1,1,1,1,1,0,0,0
DL03,大林體育運動公園前公有免費停車場(停三),平面停車場,,,,,,,,,,,,,,,,,,
Cyhg06,公有免費停車場（朴子五路、祥和二路）,公有免費停車場,,,,,,,,,,,,,,,,,,
Puzi05,廣停八停車場,平面式大型車約10格小型車約20格,,,,,,,,,,,,,,,,,,
STO002,停一停車場,一般停車場,免費,免費,254,1,0,0,0,0,00:00,00:00,1,1,1,1,1,1,1,1
CYHG03,府前地下停車場,地下停車場,自小客車方案,,0,1,60,10,,0,08:00,17:00,1,1,1,1,1,0,0,0
Puzi04,廣停五停車場,平面式小型車27格,,,,,,,,,,,,,,,,,,
Puzi04,廣停五停車場,平面式小型車27格,,,,,,,,,,,,,,,,,,
STO005,水上鄉停（四）停車場,免費,,,,,,,,,,,,,,,,,,
P08,布袋港第三停車場,小型車416格,小型車計時,,0,1,60,20,,0,00:00,23:59,1,1,1,1,1,1,1,1
Puzi02,廣停六停車場,平面式停車格10格,,,,,,,,,,,,,,,,,,
BD02,公有免費停車場（布袋文創對面停車場）,小型車格39格,,,,,,,,,,,,,,,,,,
P15,嘟嘟房高鐵嘉義站,平面式小型車750格、機車803格,機車計時方案,,0,2,60,10,,0,00:00,23:59,1,1,1,1,1,1,1,1
HSZ_NI,牛埔地下停車場,地下二層小型車312格(含身心障礙停車位8格及友善車位7格),臨停車費率,一小時20元,0,1,60,20,340,0,00:00,23:59,1,1,1,1,1,1,1,1
AG,東大陸橋停車場-中華站,立體式小型車:146格,自小客車計時方案,自小客車每小時20元,0,1,60,20,,0,00:00,23:59,1,1,1,1,1,1,1,1
HSZ_NA,南門機械停車場,機械式,小客車計時方案,每小時收費20元,0,1,60,20,,1,00:00,23:59,1,1,1,1,1,1,1,1
HSZ_CH,赤土崎地下停車場,小型車592格、機車211格,自小客車計時方案,小型車臨時停車收費：  每小時20元（08-22）  每小時20元（22-翌日08），時段內最高收費60元,0,1,60,20,340,1,00:00,23:59,1,1,1,1,1,1,1,1
57,火車站後站(一、二、三、四)汽車停車場,平面小型車,自小客計時,,0,1,60,20,,1,00:00,23:59,1,1,1,1,1,1,1,1
AB,新科國中地下停車場 ,"月租停車： (1)里民優惠(800公尺)：1,500元、 里民身心障礙1,000元 (2)一般民眾2,400元(含身障10格車位、婦幼車格8格)",自小客車計費方案,,0,1,60,20,,0,00:00,23:59,1,1,1,1,1,1,1,1
HSZ_MP,明湖公園平面停車場,小型車:30格,小型客車臨時收費當日計次: 每次30元,小型客車臨時收費當日計次: 每次30元,0,1,0,30,0,0,00:00,23:59,1,1,1,1,1,1,1,1
AA,頂竹圍地下停車場,平面小型車, 自小客車計時方案,自小客車每小時20元,0,1,60,20,,1,00:00,23:59,1,1,1,1,1,1,1,1
AD,生命園區第一停車場,平面小型車, 自小客車計時方案 ,自小客車每小時收費20元,0,1,60,20,,1,00:00,23:59,1,1,1,1,1,1,1,1
A5,稅務大樓地下停車場,未開放月租(包含身障車格3格、婦幼車格2格、友善車格3格),自小客車計費方案,,0,1,60,20,,0,00:00,23:59,1,1,1,1,1,1,1,1
HSZ_ZO,動物園地下停車場,地下式小型車,小客車計時方案,,0,1,60,20,,1,00:00,23:59,1,1,1,1,1,1,1,1
HSZ_QL,青草湖立體停車場,立體停車場小型車66格,自小客車計時方案,小型客車臨時收費當日計次: 每次30元,0,1,0,30,,0,00:00,23:59,1,1,1,1,1,1,1,1
HSZ_LA,勞山新村機車停車場,147（含3格身心障礙車位）,,,,,,,,,,,,,,,,,,
HSZ_RA,後站機車第二停車場,計次20元/次，月租300元/月,,,,,,,,,,,,,,,,,,
AH,東大陸橋停車場-中央站,立體式小型車:216格,自小客車計時方案,自小客車每小時20元,0,1,60,20,,0,00:00,23:59,1,1,1,1,1,1,1,1
HSZ_FU,府後地下停車場,地下三層小型車286格(含身心障礙停車位6格及友善車位6格),臨停車費率,一小時20元,0,1,60,20,,0,00:00,23:59,1,1,1,1,1,1,1,1
HSZ_ML,明志書院停車場,立體式小型車,小客車計時方案,,0,1,60,30,,1,00:00,23:59,1,1,1,1,1,1,1,1
96,延平停車場,"月租停車： (1)里民優惠(200公尺)：1,200元、里民身心障礙1,000元 (2)一般民眾2,400元 *	備註說明： (1)月租額滿 (2)身障者享有當日當次前3小時免費一次之優惠(若離開後再返回，則不再享有優惠)。(包含兩格身障車格)",自小客車計費方案,,1,1,60,20,,0,00:00,23:59,1,1,1,1,1,1,1,1
HSZ_MN,南大路機車停車場,機車303格 （含6格身心障礙車位）,,,,,,,,,,,,,,,,,,
HSZ_MI,民富機械停車場,機械式,小客車計時方案,,0,1,60,20,,1,00:00,23:59,1,1,1,1,1,1,1,1
HSZ_NO,北區行政大樓地下停車場,地下二層小型車108格(含身心障礙停車位2格及友善車位2格,臨停車費率,,0,1,60,20,340,0,00:00,23:59,1,1,1,1,1,1,1,1
AI,竹光國民運動中心地下2樓及3樓停車場,地下式:137,自小客車計時方案,自小客車每小時20元,0,1,60,20,,0,00:00,23:59,1,1,1,1,1,1,1,1
ZH,中正市場停車場,平面小型車, 自小客車計時方案 ,自小客車每小時收費20元,0,1,60,20,,1,00:00,23:59,1,1,1,1,1,1,1,1
44,停七停車場,"月租停車： (1)里民優惠(300公尺)：1,200元、里民身心障礙1,000元 (2)一般民眾2,400元(包含身障車格2格)",自小客車方案,,0,1,60,20,,0,00:00,23:59,1,1,1,1,1,1,1,1
A00031, 東芥東大門停車場,平面式161個停車位,自小客車計時方案,自小客車平日每小時收費40元；假日每小時60元,0,1,60,40,,1,00:00,23:59,1,1,1,1,1,1,1,1
A00017,台灣國際開發事業有限公司花蓮醫院停車場,全年適用,小客車計時,臨停每小時20元,0,1,60,20,,0,00:00,23:59,1,1,1,1,1,1,1,1
A00024,停佳安(花蓮停四)機車停車場,平面停車面,,,,,,,,,,,,,,,,,,
A00067,市八十三街停車場,平面式小型車停車場,,,,,,,,,,,,,,,,,,
A00050,國富二街停車場,平面式停車場共計7格,月繳$2500/月、季繳$2200/月、年繳$2000/月,,0,1,30,100,,1,00:00,23:59,1,1,1,1,1,1,1,1
A00079,城中大樓停車場,平面停車場80(含2個身心障礙及2個婦幼停車位),小客車計時方案,自小客車10元/半小時,0,1,30,10,,1,00:00,23:59,1,1,1,1,1,1,1,1
A00009,遠東百貨股份有限公司花蓮和平分公司,汽車358格機車558格,小客車計時收費,計時收費每小時30元,0,1,60,30,,1,00:00,23:59,1,1,1,1,1,1,1,1
A00072,好樂停 HAPPY PARKING–忠孝停車場,平面戶外小型車停車場,自小客車計時方案,計時：10元/半小時(0~24),0,1,30,10,100,1,00:00,23:59,1,1,1,1,1,1,1,1
A00018,彪吉利停場車(國民段469號),機車格,小汽車計時,平／假日一小時$25,0,1,60,25,,1,00:00,23:59,1,1,1,1,1,1,1,1
A00040,花蓮文化創意產業園區停車場,大型車6位，小型車52位,自小客車計時方案,每30分鐘新臺幣10元，未滿30分鐘者以30分鐘計。,0,1,60,20,,1,00:00,23:59,1,1,1,1,1,1,1,1
A00013,明禮路停車場,小型車106格,計時方案,每小時20元,0,1,60,20,,0,00:00,23:59,1,1,1,1,1,1,1,1
A00007,花蓮航空站計時收費停車場,小型車347格,計時方案,每半小時10元,0,1,30,10,160,1,00:00,23:59,1,1,1,1,1,1,1,1
A00034,停好停滿停車場中華國小站,平面式小型車41格(含婦幼及身障車位各1格),自小客車計費方案,每小時收30元,0,1,60,30,180,1,00:00,23:59,0,0,0,0,0,1,1,1
A00021,花蓮壽豐車站停車場,高架橋下平面停車場,計時方案,,0,1,60,20,,0,00:00,23:59,1,1,1,1,1,1,1,1
A00002,永發停車場-東洋站,小行車格223格  ( 含身心障礙車格5格;婦幼車格2格),自小客車計時方案,自小客車每小時收費20元,0,1,30,10,,1,00:00,23:59,1,1,1,1,1,1,1,1
A00039,花蓮民德二停車場,小型車21格（含1身障、1婦幼）,小型車計時,,0,1,30,40,,1,00:00,23:59,1,1,1,1,1,1,1,1
A00047,168停車聯盟花蓮東大門場,平面式：小型車413位,平日自小客車計時方案,假日及連續假期前一日(星期五至星期日每小時150元,0,1,60,150,,1,00:00,23:59,1,1,1,1,1,1,1,1
A00026,前站停車場,平面式,汽車計時收費,汽車;$20／小時($160／天),0,1,60,20,160,1,00:00,23:59,1,1,1,1,1,1,1,1
A00028,遠雄海洋公園(股)公司,小型車732格/身心障礙15格,,,,,,,,,,,,,,,,,,
A00066,花蓮國聯停車場,小型車,計時方案,每小時60元,0,1,30,30,,1,00:00,23:59,1,1,1,1,1,1,1,1
A00030,吉安仁里立體停車場,小型車215格,計時方案,每小時20元,0,1,60,20,,0,00:00,23:59,1,1,1,1,1,1,1,1
A00035,林森停車場,平面式小型停車位(一般車位19格+身障車位1格),過年期間計時方案,60元/小時,0,1,30,60,250,1,00:00,23:59,0,0,0,0,0,0,0,1
A00068,花蓮富國停車場,平面式小型車15格(含身心障礙1格),自小客車計時,,0,1,60,40,,1,00:00,23:59,1,1,1,1,1,1,1,1
A00049,花蓮市公園三民站,車牌辨識現金繳費,計時收費,自小客車每小時收費40元,0,1,60,40,,0,00:00,23:59,1,1,1,1,1,1,1,1
A00038,花蓮民德一停車場,平面式小型車38格（含1身障及1婦幼）,小型車計時,,0,1,30,40,,1,00:00,23:59,1,1,1,1,1,1,1,1
A00048,博客停車場寶雅吉安場,平面式小型車18格,小客車計時收費,小客車收費每小時20元,0,1,60,20,100,0,00:00,23:59,1,1,1,1,1,1,1,1
A00046,國盛四街停車場,平面小型車11位,,,,,,,,,,,,,,,,,,
A00076,好樂停 HAPPY PARKING-中央停車場,平面戶外小型車停車場,自小客車計時方案,,0,1,30,10,,1,00:00,23:59,1,1,1,1,1,1,1,1
A00070,吉安站前停車場,平面式小型車55格(含身心障礙停車位1格婦幼車位1格),計時、月租,計時、月租，10元/半小時，1400元/月租.150元/天（00-24）,0,1,30,10,,1,00:00,23:59,1,1,1,1,1,1,1,1
A00025,彪吉利停車場(國聯五路站),平面停車面,汽車平日,汽車:一小時$30。平日一日$240,0,1,60,30,,0,00:00,23:59,1,1,1,1,1,0,0,0
A00078,TIMES 花蓮延平街,位於延平街與明智街交叉口,自小客車計時方案,自小客車每小時20元,0,1,30,20,30,1,00:00,23:59,1,1,1,1,1,1,1,1
A00001,彪吉利(花蓮停三)汽(紅黃牌重機)車停車場,汽車及紅黃牌重機車,汽車計時(假日),"臨停:$20／半小時,平假日上限$500／天",0,1,30,20,500,1,00:00,23:59,0,0,0,0,0,1,1,0
A00019,新康停車場,小型車16格,,,,,,,,,,,,,,,,,,
A00073,好樂停HAPPY PARKING-中山停車場,平面戶外小型車停車場,自小客車計時方案,,0,1,30,10,,1,00:00,23:59,1,1,1,1,1,1,1,1
A00033,花蓮民生停車場,平面式小型車25格（含身障1格、婦幼1格）,小型車計時,,0,1,60,40,,1,00:00,23:59,1,1,1,1,1,1,1,1
A00045,國富二十二街停車場,平面式：小型車23位,,,,,,,,,,,,,,,,,,
A00080,鉄道商圈停車場,平面式小型車停車場,自小客車計時方案,,0,1,30,20,,1,00:00,23:59,1,1,1,1,1,1,1,1
A00044,停好車停車場,平面停車場，小型車37位，機車149位。,自小客車計費方案,30分鐘10元；每1小時20元。汽車每日最高收費：平日120元、假日200元。,0,1,20,60,,1,00:00,23:59,1,1,1,1,1,1,1,1
A00036,統冠重慶店停車場,平面小型車49格,自小客車,每半小時新台幣10元,0,1,30,10,,1,00:00,23:59,1,1,1,1,1,1,1,1
A00015,WORLD GYM世界健身俱樂部停車場,小型車66格,自小客車計時方案,,0,1,60,100,,1,06:00,23:59,1,1,1,1,1,1,1,1
A00003,丞捷停車場 ,小型車20格,,,,,,,,,,,,,,,,,,
A00005,福廣仁愛停車場,平面式小型車133格,臨時停車費率,汽車30分鐘10元，平日最高300,1,9,60,20,120,1,00:00,23:59,1,1,1,1,1,1,1,1
A00043,中山明智停車場,平面式：汽車53格,自小客車計時方案,每1小時20元；30分鐘10元 ，每日最高收費：120元,0,1,60,20,,1,00:00,23:59,1,1,1,1,1,1,1,1
A00014,TIMES 三民街,平面式小型車125格(含身障停車格3格、婦幼停車格3格),,,,,,,,,,,,,,,,,,
A00059,花蓮中山路停車場,超高速充電服務停車場,自小客車計時方案,,0,1,60,50,,1,00:00,23:59,1,1,1,1,1,1,1,1
A00011,新港街停車場,小型車27格,計時方案,每小時60元,0,1,30,60,,0,00:00,23:59,1,1,1,1,1,1,1,1
A00022,佛教慈濟醫療財團法人花蓮慈濟醫院停車場,平面車格322格 (含身心障礙15格 ; 婦幼車格6格),自小客車計時方案,自小客車每小時收費20元,0,1,60,20,100,1,00:00,23:59,1,1,1,1,1,1,1,1
A00016,P&P停車場,44,福町路上,自小客車平日 20元/小時   假日及特殊時段(18:00-24:00) 30/小時,0,1,30,15,300,1,00:00,23:59,0,0,0,0,0,1,1,1
A00042,臺灣基督教門諾會醫療財團法人門諾醫院收費停車場,小型車235位,自小客車計費方式,停車未滿30分鐘免費，超過30分鐘以1小時20元計費，滿1小時起採每30分鐘以10元累加計收。單日單次停車費最高計收100元（跨日重新累加計費）。,0,1,20,60,,1,00:00,23:59,1,1,1,1,1,1,1,1
A00065,花蓮文化創意產業園區停車場,民國路收費停車場,民國路小客車計時方案,小客車每小時收費20元,0,1,30,10,,1,00:00,23:59,1,1,1,1,1,1,1,1
A00071,花蓮中山停車場,平面式小型車43格(含身心障礙1格),自小客車計時,,0,1,60,50,,0,00:00,23:59,1,1,1,1,1,1,1,1
A00012,節約街停車場,小型車78格。管理人員不是24小時在場。,計時方案,每小時60元,0,5,60,60,,0,00:00,23:59,1,1,1,1,1,1,1,1
A00061,富裕二街停車場,身障1格、婦幼1格、充電2格,,,,,,,,,,,,,,,,,,
A00054,盛昌停車場,平面式小型車20格,,,,,,,,,,,,,,,,,,
A00010,花蓮市忠孝立體停車場,平面車位10格 ; 車塔80格,自小客車計時方案,自小客車每小時收費20元,0,1,60,20,200,0,00:00,23:59,1,1,1,1,1,1,1,1
A00004,後火車站機車停車場,機車停車位340格 (含身障車位8格),,,,,,,,,,,,,,,,,,
A00060,福品旅店停車場,平面小型車停車場,自小客車計時方案,自小客車每三十分鐘收費十元,0,1,30,10,,1,00:00,23:59,1,1,1,1,1,1,1,1
A00057,國聯停車場,月租,,,,,,,,,,,,,,,,,,
A00032,建程自由街停車場,小型車格93格身心婦幼格2格,自小客車計時方案,"週一至週四半小時25元,週五至週日及國定假日半小時40元。 週一至週四當天最高300,週五至週日及國定假日當天最高800元",0,1,30,40,800,1,00:99,23:59,1,1,1,1,1,1,1,1
A00023,彪吉利停車場(國盛站),平面停車面,,,,,,,,,,,,,,,,,,
KEE11303,南榮公墓殯儀館停車場,"計時收費 : 一小時30元 , 月租2500元",小客車日間計時收費方式,,0,1,0,30,0,0,00:00,24:00,1,1,1,1,1,1,1,1
KEE11101,信二停車場,512格小型車格(含16格身障、11格婦幼),停車未滿15分鐘免費,,0,1,0,30,0,0,00:00,24:00,1,1,1,1,1,1,1,1
KEE12602,源遠路第二停車場,計時：30 元/時。,15分鐘內免費,,0,1,0,30,0,0,00:00,24:00,1,1,1,1,1,1,1,1
KEE12109,濱海遊憩區停車場,平面式小型車60格,,,,,,,,,,,,,,,,,,
KEE12402,西三停車場,平面式小型車464格(含無障礙車位20格),小客車平日計時收費方式,,0,1,0,15,150,1,00:00,23:59,1,1,1,1,1,0,0,0
KEE11102,正濱國小收費立體停車場,正濱國小收費立體停車場,計時,,0,0,0,20,0,0,00:00,23:59,1,1,1,1,1,1,1,0
KEE12501,鶯歌石溪停車場,平面式小型車 76 格(含身心障礙停車位2格 婦幼專用車位2格),汽車計時費率,,0,1,0,20,0,1,00:00,24:00,1,1,1,1,1,1,1,1
KEE11305,東岸立體停車場,立體式小型車 666 格含身心障礙停車位 14 格 孕婦及親子專用車格14格 電動充電優先車格2格。,汽車計時費率,,0,1,0,30,0,0,00:00,24:00,1,1,1,1,1,1,1,1
KEE12401,基隆市中和路168巷停車場,平面式小型車 49 格(含身心障礙停車位1格 婦幼專用車位1格),,,,,,,,,,,,,,,,,,
KEE12202,基隆信義停車場,54格小型車格(含1格身障、1格婦幼),停車未滿15分鐘免費,,0,1,0,30,0,0,00:00,24:00,1,1,1,1,1,1,1,1
KEE12107,區域探索館平面停車場,平面式小型車148格。,小客車計時收費方式,,0,1,0,30,0,0,00:00,24:00,1,1,1,1,1,0,0,0
KEE12706,光明停二停車場,平面式小型車 101 格(含身心障礙停車位3格 婦幼專用車位2格),,,,,,,,,,,,,,,,,,
KEE11205,中興國小停車場,"計時收費 : 一小時20 , 月租3000",小客車日間計時收費方式,,0,1,0,20,0,0,00:00,24:00,1,1,1,1,1,1,1,1
KEE11104,中正區行政大樓地下停車場,中正區行政大樓地下停車場,計時,,0,0,0,15,0,1,00:00,23:59,1,1,1,1,1,1,1,0
KEE11302,基隆成功站,小車：447(格),小客車計時收費方式,,0,1,0,30,180,1,00:00,24:00,1,1,1,1,1,1,1,1
KEE12704,崇孝街停車場,210格小型車格(含5格身障),停車未滿15分鐘免費,,0,1,0,30,0,0,00:00,24:00,1,1,1,1,1,1,1,1
KEE22111,非凡物業管理顧問有限公司和平島停車場,非凡物業和平島停車場,假日小型車,40元/時,0,1,0,40,0,0,00:00,24:00,0,0,0,0,0,1,1,1
KEE12113,基隆和一停車場,和一平面停車場,夜間優惠,夜間優惠20:00～08:00,0,0,0,10,0,0,20:00,08:00,1,1,1,1,1,1,1,1
KEE12112,南區大客車停車場,平面式大客車41格。,大客車計時收費方式,,0,1,0,50,0,0,00:00,24:00,1,1,1,1,1,0,0,0
KEE12707,福六街停車場,平面式小型車 30 格(含身心障礙停車位1格 婦幼專用車位1格),,,,,,,,,,,,,,,,,,
KEE12502,基隆安和停車場,"平面小型車44格(含身心障礙停車位1格,婦幼停車位1格)",臨停車,每半小時15元,0,1,0,15,0,1,00:00,24:00,1,1,1,1,1,1,1,1
KEE12111,65高地停車場,平面小型車33格,,,,,,,,,,,,,,,,,,
KEE11307,信義國小地下停車場,信義國小地下平面停車場,一般費率,小型車計時費率,0,1,0,15,150,0,00:00,24:00,1,1,1,1,1,1,1,1
KEE12203,基隆六合停車場,492格小型車停車位10格殘障車位88格大型車位,計時費率,,0,1,0,30,0,1,00:00,24:00,1,1,1,1,1,1,1,1
KEE12110,潮境公園停車場,平面式小客車33格。,小客車計時收費方式,,0,1,0,30,0,0,00:00,24:00,1,1,1,1,1,0,0,0
KEE11703,基隆七堵停車場,293(含身障6),小客車計時收費方式,,0,1,0,15,120,1,00:00,23:59,1,1,1,1,1,1,1,1
KEE11201,信義國中停車場,,停車未滿15分鐘免費,,0,1,0,30,0,0,00:00,24:00,1,1,1,1,1,1,1,1
KEE12103,義二路停車場,50格小型車格(含1格身障),停車未滿15分鐘免費,,0,1,0,30,0,0,00:00,24:00,1,1,1,1,1,1,1,1
KEE12117,基隆社寮橋停車場,戶外停車場,臨停,30元/時,0,0,0,15,0,0,00:00,24:00,0,0,0,0,0,0,0,0
KEE12114,八斗子觀光漁港停車場,計時收費 : 一小時30,小客車日間計時收費方式,,0,1,0,0,0,0,00:00,24:00,1,1,1,1,1,1,1,1
KEE11106,海洋劇場停車場,平面式小型車297格。,小客車計時收費方式,,0,1,0,30,0,0,00:00,24:00,1,1,1,1,1,0,0,0
KEE12108,復育環保公園停車場,平面式小客車100格。,小客車計時收費方式,,0,1,0,30,0,0,00:00,24:00,1,1,1,1,1,0,0,0
KEE22410,基隆新橫濱停車場,戶外平面停車場,臨停,20元/時,0,0,0,10,0,0,08:00,22:00,1,1,1,1,1,1,1,1
KEE12115,八斗子漁港C區停車場,"計次收費 : 每日80/次 , 季租4500",小客車日間計時收費方式,,0,1,0,80,0,0,00:00,24:00,1,1,1,1,1,1,1,1
KEE12601,源遠路停車場,55格小型車格(含2格身障),停車未滿15分鐘免費,,0,1,0,30,0,0,00:00,24:00,1,1,1,1,1,1,1,1
KEE12105,基隆和平島公園停車場,和平島公園附屬停車場,假日小型車,30元/時,0,1,0,30,0,0,08:00,24:00,0,0,0,0,0,1,1,1
KEE11304,銘傳立體停車場,機械塔式停車場小型車80位,計時收費,,0,1,0,30,0,1,00:00,24:00,1,1,1,1,1,1,1,1
KEE12705,光明停一停車場,平面式小型車 56 格(含身心障礙停車位2格 婦幼專用車位1格),汽車計時費率,,0,1,0,30,0,1,00:00,24:00,1,1,1,1,1,1,1,1
KIN0004,山外車站停車場,小客車格位數126格(含身障車位3格),計日/計次,,0,1,1440,20,,0,00:30,00:00,1,1,1,1,1,1,1,1
KIN0001,金門航空站第三停車站,小客車222格(含身障5格、婦幼5格),,,,,,,,,,,,,,,,,,
LIE002,介壽地下停車場,地下一層，小型車150席(含無障礙3席)、機車82席(含無障礙2席),小型車計時方案(身心障礙者停車費半價),10元/時(6時至22時不收費)，停車未滿30分鐘以半小時計算收費，逾30分鐘以上以1小時計算收費，每日最多以5小時計。,1,1,60,10,50,1,22:00,06:00,1,1,1,1,1,1,1,1
LIE003,仁愛停車場,室內平面一層，小型車25席、機車13席,,,,,,,,,,,,,,,,,,
MIA017,富山中山路停車場,平面式45位,計時,10元/半小時,0,1,30,10,,1,00:00,23:59,1,1,1,1,1,1,1,1
MIA003,苗栗市停一停車場,平面露天,小客車費率,10元/30分鐘內,0,1,30,10,,1,00:00,23:59,1,1,1,1,1,1,1,1
MIA007,苗栗市停十停車場,露天平面,計時,10元/30分鐘內,0,1,30,10,,1,00:00,23:50,1,1,1,1,1,1,1,1
MIA010,南庄遊客中心停車場,地上兩層，地下一層(含身心障礙停車格2格),,,,,,,,,,,,,,,,,,
MIA023,叭叭房銀河停車場,翻板機63板，平面車格32格、月租36格,計時,計時：20元/時,0,1,60,20,,1,00:00,23:59,1,1,1,1,1,1,1,1
MIA005,苗栗市停五停車場,露天平面,計時,10元/30分鐘內,0,1,30,10,,1,00:00,23:59,1,1,1,1,1,1,1,1
MIA029,叭叭房文林停車場,大型車6格、小型車21格,大型車計費方案,大型車每小時收費30元,0,5,30,15,60,1,08:00,20:00,1,1,1,1,1,1,1,1
MIA001,苗栗中正站停車場,露天平面,小汽車費率,"10元/30分鐘,最高上限100元/日.",0,1,30,10,100,1,00:00,23:59,1,1,1,1,1,1,1,1
MIA019,聯永客家委員會停車場,"身心障礙車位4個,2格親子",,,,,,,,,,,,,,,,,,
MIA008,苗栗市停十五停車場,露天平面,計時,10元/30分鐘內,0,1,30,10,,1,00:00,23:59,1,1,1,1,1,1,1,1
MIA027,叭叭房民生停車場,小型車格169格,自小客車計時方案,,0,1,30,10,60,1,08:00,20:00,1,1,1,1,1,1,1,1
MIA020,台鐵豐富站停車場,小型車位42格(含身障車位，親子車位)；機車108格(含身障),小型車計時,,0,1,30,10,70,1,00:00,23:59,1,1,1,1,1,1,1,1
MIA018,苗栗台鐵高架橋下停車場,位於台鐵高架橋下,大場,大場：20元/時、當日最高上限100元,0,1,60,20,100,1,00:00,23:59,1,1,1,1,1,1,1,1
MIA028,叭叭房廣停十五停車場,大型車23格、小型車26格,自小客車計時方案,,0,1,30,10,60,1,08:00,20:00,1,1,1,1,1,1,1,1
MIA004,苗栗市停四停車場,露天平面,計時,6:00-12:00第一個小時免費.10元/30分鐘內,0,1,30,10,,1,06:00,23:59,1,1,1,1,1,1,1,1
MIA014,後龍停一立體停車場,含身障停車位1格,,,,,,,,,,,,,,,,,,
MIA030,叭叭房廣停四停車場,平面小型車43格,自小客車計時方案,,0,1,30,10,60,1,08:00,20:00,1,1,1,1,1,1,1,1
MIA016,尚順育樂世界停車場,小型車1000格，機車430格,自小客車臨停計時,自小客車每小時20元,0,1,30,10,300,1,06:00,02:50,1,1,1,1,1,1,1,1
MIA025,叭叭房廣停二停車場,小型車40格,自小客車計時方案,,0,1,30,10,,1,08:00,20:00,1,1,1,1,1,1,1,1
MIA013,Times苗栗莊敬街停車場,平面停車場,計時,10元/半小時，當日收費上限80元,0,1,30,10,80,1,00:00,23:59,1,1,1,1,1,1,1,1
MIA021,台鐵苗栗東站停車場,平面機車299格(含身心障礙5格) 汽車16格(含身心障礙1格及婦幼停車1格),汽車計時,汽車計時:20元/時,0,1,60,20,,1,00:00,23:59,1,1,1,1,1,1,1,1
MIA011,竹南國中地下停車場,地下室.小型車205格.機車42格,自小客車計時,每小時收費20元,0,1,30,20,,1,00:00,23:59,1,1,1,1,1,1,1,1
MIA006,苗栗市停八停車場,露天平面,計時,10元/30分鐘內,0,1,30,10,,1,00:00,23:59,1,1,1,1,1,1,1,1
MIA024,叭叭房廣停三停車場,大型車8格、小型車50格,自小客車計時方案,,0,1,30,10,60,1,08:00,20:00,1,1,1,1,1,1,1,1
MIA022,叭叭房光華停車場,平面式小型車7格,計時,計時：20元/時，每日最高60元,0,1,60,20,60,1,00:00,23:59,1,1,1,1,1,1,1,1
MIA026,叭叭房廣停六停車場,小型車19格,自小客車計時方案,,0,1,30,10,60,1,08:00,20:00,1,1,1,1,1,1,1,1
MIA012,大同國小地下停車場,立 體 式 （建物附設）地下停車場,自小客車計時方案,小型車臨時停車每半小時10元,0,1,30,10,,1,00:01,23:59,1,1,1,1,1,1,1,1
tsa004,草屯鎮公有零售市場地下停車場(市一停車場),平面停車場,自小客車,一小時20元,0,1,30,20,,1,00:00,23:59,1,1,1,1,1,1,1,1
tsa003,草鞋墩停二立體停車場,地下1-2樓，地上3-6樓為停車場,,,,,,,,,,,,,,,,,,
NAN27452532,名間鄉停一立體停車場,小型車130格、機車50格,每小時20元,,0,1,60,20,,0,00:00,23:59,1,1,1,1,1,1,1,1
tsa002,草屯鎮中正路臨時停車場,"平面式小型車為88格,含身障車位4格.婦幼車位4格",自小客車計費方案,每小時20元,0,1,30,20,100,1,07:00,19:00,1,1,1,1,1,1,1,1
exfop02,第二停車場,平面式停車場,,,,,,,,,,,,,,,,,,
cmh923,中山停車場,本場為平面開放式免費停車場，一般停車位季208位，身障即親子停車位各計5位。,,,,,,,,,,,,,,,,,,
exfop01,第一停車場,平面式停車場,,,,,,,,,,,,,,,,,,
NAN_002,草屯鎮公有草鞋墩多目標使用立體停車場,立體式-小型車426個車位,一小時20元，一日上限200元,一小時20元，一日上限200元,0,1,60,20,,0,00:00,23:59,1,1,1,1,1,1,1,1
NAN_010,南投縣瑞龍瀑布地區停車場,平面式停車場,,,,,,,,,,,,,,,,,,
NAN_009,竹山鎮梯子吊橋公有停車場,平面式停車場,,,,,,,,,,,,,,,,,,
jiji001,集集鎮公所集集國小地下停車場,地下停車場,,,,,,,,,,,,,,,,,,
NAN_008,東埔停車場,平面式停車場,大型車計費方案,大型車每小時60元,0,5,60,60,,1,08:00,18:00,1,1,1,1,1,1,1,1
NAN_003,埔里鎮仁愛立體停車場,立體式-小型車230個車位,自小客車,,0,1,60,20,,0,00:00,23:59,1,1,1,1,1,1,1,1
tsa001,草屯鎮大成街停車場,平面式停車位180格(含身障車位4格.婦幼車位4格),自小客費率,自小客費率每小時20元,0,1,30,20,100,1,07:00,19:00,1,1,1,1,1,1,1,1
tsa001,草屯鎮大成街停車場,平面式停車位180格(含身障車位4格.婦幼車位4格),,,,,,,,,,,,,,,,,,
NAN_005,南投縣政府地下停車場,立體式停車場,,,,,,,,,,,,,,,,,,
NAN_004,婦幼館附設停車場,平面式,,,,,,,,,,,,,,,,,,
PT0011,仁愛路地下立體停車場,地下一、二樓層小客車格位數341格,小客車國定例假日計時收費,1小時收費20元，平日當日最高收費100、假日當日最高收費160元。,0,1,60,20,160,0,00:00,23:59,0,0,0,0,0,1,1,1
PT0013,恆春立體停車場,立體式停車場總車位數231格、機車格位249格,小客車平日計時收費,1小時收費20元，平日當日最高收費100、假日當日最高收費160元。,0,1,60,20,100,0,00:00,23:59,1,1,1,1,1,0,0,0
PT0004,自由路外停車場,停車場78格(身障車格32格，大客車車格10格),,,,,,,,,,,,,,,,,,
PT0005,機場北路路外停車場,停車場67格(身障車格1格，婦幼2格),,,,,,,,,,,,,,,,,,
PT0001,縣府立體停車場,立體小型停車場206格(身障車格6格，婦幼車格6格),計時方案,,0,1,16,20,100,0,00:00,24:00,1,1,1,1,1,1,1,1
PT0009,屏菸1936文化基地立體停車場,小型車323格(含婦幼12格，身障7格，電動樁4格),小型車計時方案,每小時20元,0,1,60,20,1000,0,00:00,23:59,1,1,1,1,1,1,1,1
PT0015,自由延平停車場,平面小型車76格(含身心障礙2格),30元/小時 當日最高50元,,0,1,30,15,,1,00:00,23:59,1,1,1,1,1,1,1,1
PT0016,東港漁港停車場,立體停車場小型車147格（含身心障礙者專用停車位4格、孕婦及育有六歲以下兒童者停車位3格）,小客車費率,20/1hr 當日上限220 ,0,1,60,20,200,1,00:00,23:59,1,1,1,1,1,1,1,1
PT0010,民生路立體停車場,小客車停車格622格(含身障13格、婦幼14格及電動停車格20格),自小客車計時方案,每小時收費20元，平日當日最高150元，國定例假日最高200元,0,1,60,20,,0,00:00,23:59,1,1,1,1,1,1,1,1
PT0017,潮州車站停車場,小客車停車格63格(含身障2格及婦幼2格),身障者優惠方案,自小客車每小時收費20元，身障者停放一率半價,1,1,60,10,,0,00:00,23:59,1,1,1,1,1,1,1,1
PT0012,東港中山路立體停車場,立體式停車場總車位數258格,小客車國定例假日計時收費,1小時收費20元，平日當日最高收費100、假日當日最高收費160元。,0,1,60,20,180,0,00:00,23:59,0,0,0,0,0,1,1,1
PT0007,幸福公園停車場,地下停車場,小客車國定例假日計時收費,1小時收費20元，平日當日最高收費100、假日當日最高收費100元。,0,1,60,20,,1,00:00,23:59,1,1,1,1,1,1,1,1
PT0008,信義路立體停車場,立體式五樓總車位225格,小客車國定例假日計時收費,1小時收費20元，平日當日最高收費100、假日當日最高收費160元。,0,1,60,20,160,0,00:00,23:59,0,0,0,0,0,1,1,1
PT0003,勝利星村路外停車場,停車場206格(身障車格3格，婦幼車格3格),,,,,,,,,,,,,,,,,,
PT0002,中華立體停車場,立體式小型車&機車,身心障礙汽車計時費率,身心障礙汽車每半小時收費5元當日最高上限80元,1,1,30,5,80,1,00:00,23:59,1,1,1,1,1,1,1,1
PT0014,東港鎮中山路平面式路外停車場,小客車停車格62格(含身障2格及婦幼2格),自小客車計時方案,每小時收費20元，當日連續停放上限為300元,0,1,60,20,,0,00:00,23:59,1,1,1,1,1,1,1,1
PT0006,和平路路外停車場,停車場98格(身障車格2格，婦幼車格2格),計次方案,,0,1,60,30,,1,00:00,00:00,1,1,1,1,1,1,1,1
PT0018,屏東榮民總醫院東側路外停車場,"平面式小型車129格(含身障6格,婦幼4格)",小客車計時收費,每小時20元,0,1,60,20,,0,00:00,23:59,1,1,1,1,1,1,1,1
04P0C0015A,西區-公有-雙龍P,身障1,自小客車計費方式,,0,1,30,15,,1,00:00,23:59,1,1,1,1,1,1,1,1
09P0C0010A,豐原區-公有-葫蘆墩圳平面P8,小型車64格(含身障車格),自小客車計時方案,自小客車每小時20元(以半小時計費),0,1,30,10,180,1,00:00,23:59,1,1,1,1,1,1,1,1
11P0C0002A,大甲區-公有-停三P,平面式小型車75格(含身障 親子 電動車位),自小客車計時方案,第一小時20元 未滿一小時以一小時計 第二小時起每小時30元,0,1,60,30,,0,00:00,23:59,1,1,1,1,1,1,1,1
06P0C0013B,西屯區-公有-東興立體P,361格(含身心障礙車格:8格),平假日臨停,自小客車每小時40元,0,1,60,40,,1,00:00,23:59,1,1,1,1,1,1,1,1
09P0C0016C,豐原區-公有-富春國小地下P,地下一層小型車141格（含身心障礙車位3格和孕婦及育兒車位7格）,富春國小地下停車場出入口,,0,1,30,10,150,1,00:00,00:00,1,1,1,1,1,1,1,1
08P0C0029A,北屯區-公有-永和巷公園附屬停車場,平面戶外車位共計65格(含2身障1親子),自小客車計時方案,平面戶外車位共計65格(含1身障2親子),0,1,30,10,,1,00:00,23:59,1,1,1,1,1,1,1,1
02P0C0001A,東區-公有-(停37)忠孝P,小型車42格(含身障車格),每小時20元,,0,1,60,20,,1,00:00,23:59,1,1,1,1,1,1,1,1
28P0C0014A,大里區-公有-廣兼停八P   ,平面場小型車156格(身心障礙4格),小客車,半小時10元 無當日最高優惠,0,1,30,10,,1,00:00,23:59,1,1,1,1,1,1,1,1
05P0C0017A,北區-公有-大湖停車場,平面車位,自小客車計時方案,,0,1,30,10,,1,00:00,23:59,1,1,1,1,1,1,1,1
04P0C0002A,西區-公有-土庫P,平面式小型車93格(含身障車格2格、親子車格1格),自小客車半小時10元,,0,1,30,10,,1,00:00,23:59,1,1,1,1,1,1,1,1
07P0C0010A,南屯區-公有-馬祖P,平面式小型車57格(含身障2格、親子1格)，機車32格(含身障2格、婦幼2格、1格充電),自小客車半小時10元,,0,1,30,10,,1,00:00,23:59,1,1,1,1,1,1,1,1
07P0C0012A,南屯區-公有-新厝P,平面式小型車130格(含2親子3身障),自小客車計時方案,每半小時10元 無當日最高優惠,0,1,30,10,,1,00:00,23:59,1,1,1,1,1,1,1,1
05P0C0001A,北區-公有-山西P,平面停車場小型車26格(含身心障礙車格1格、親子車格1格),自小客車計時方案,,0,1,60,20,,1,00:00,23:59,1,1,1,1,1,1,1,1
02P0C0010A,東區-公有-精武東P,露天停車場(親子車格一格，無障礙車格一格),自小客車費率,半小時10元,0,1,30,10,,1,00:00,23:59,1,1,1,1,1,1,1,1
03P0C0012A,南區-公有-城隍機車停車場,平面式機車104格,,,,,,,,,,,,,,,,,,
28P0C0013A,大里區-公有-廣兼停六P   ,平面場小型車163格(身心障礙4格),小客車,半小時10元 無當日最高優惠,0,1,30,10,,1,00:00,23:59,1,1,1,1,1,1,1,1
09P0C0001A,豐原區-公有-大明路中興P,戶外平面停車場,自小客車計時費率,,0,1,30,20,,1,00:00,23:59,1,1,1,1,1,1,1,1
08P0C0009A,北屯區-公有-中興網球附設P,平面式小型車(含身障車格2格、親子車格1格),30分鐘10元,,0,1,30,10,,1,00:00,23:59,1,1,1,1,1,1,1,1
08P0C0016A,北屯區-公有-松竹P,小型車每小時新臺幣20 元，以半小時計費，如不逾三十分鐘者，以半小時計算； 如逾三十分鐘者，仍以一小時計算。汽車月租每月每輛新台幣600 元整。,自小客車計時方案,小型車每小時新臺幣20 元,0,1,60,20,,1,00:00,23:59,1,1,1,1,1,1,1,1
06P0C0007A,西屯區-公有-太原P,總車格數22格,自小客客計時方案,,0,1,30,10,,1,00:00,23:59,1,1,1,1,1,1,1,1
02P0M0002A,東區-公有-舊建國市場臨時P,平面式小型車130格(含身障3格、親子2格)、平面式機車格835格(含身障12格),,,,,,,,,,,,,,,,,,
04P0C0006A,西區-公有-光明P,平面式,計時方案,20元/小時,0,1,60,20,,0,00:00,23:59,1,1,1,1,1,1,1,1
28P0C0009A,大里區-公有-立元P,平面場小型車222格(身心障礙5格),自小客車計時方式,,0,1,30,10,,1,00:00,23:59,1,1,1,1,1,1,1,1
04P0C0011A,西區-公有-貴和P,平面式小型車17格(含身障1格),自小客車半小時10元,,0,1,30,10,,1,00:00,23:59,1,1,1,1,1,1,1,1
09P0C0017A,豐原區-公有-環北站P,平面小型車停車格27格（含身心障礙車位1格和孕婦及育兒車位1格）,自小客車計時方案,,0,1,30,10,,1,00:00,00:00,1,1,1,1,1,1,1,1
04P0C0005A,西區-公有-民龍P,平面式小型車25格(含身障2格、親子1格),自小客車半小時10元,,0,1,30,10,,1,00:00,23:59,1,1,1,1,1,1,1,1
27P0C0003B,太平區-公有-新平立體P,立體式小型車196格,自小客車計時,每小時收費20元,0,1,60,20,,1,00:00,23:59,1,1,1,1,1,1,1,1
06P0C0006A,西屯區-公有-大鵬P  ,平面場小型車16格(身心障礙1格),臨停費率,每半小時15元,0,1,30,10,,1,00:00,23:59,1,1,1,1,1,1,1,1
27P0C0011A,太平區-公所-馬卡龍公園P,汽車126格(含身心障礙汽車6格)，機車77格(含身心障礙機車格位2格),汽車臨停,汽車10元/半小時,0,1,30,10,,1,00:00,23:59,1,1,1,1,1,1,1,1
09P0C0012A,豐原區-公有-北陽路P,平面停車位212格(含身心殘障4格、婦幼11格、電動車4格),自小客車計時方案,,0,1,30,10,150,1,00:00,00:00,1,1,1,1,1,1,1,1
02P0C0002A,東區-公有-(停61)十甲P,"小型車37格(含身障2格,親子1格)",自小客車計時方案,,254,1,60,20,,1,00:00,00:00,1,1,1,1,1,1,1,1
04P0C0009C,西區-公有-柳川P,小型車98格(含身心障礙車格3格) ,自小客車計時方案,,0,1,30,20,,1,00:00,23:59,1,1,1,1,1,1,1,1
06P0C0027A,西屯區-公有-秋紅谷平面停車場,小型車位114格（含身障汽車3格）、機車1045格（含身障機車格位23格）,自小客車,,0,1,30,10,0,1,00:00,23:59,1,1,1,1,1,1,1,1
03P0C0006A,南區-公有-國資圖P,汽車：20元/時；平日最高收費100元/天,機車計次方案,機車每日停放一次10元隔日另計,0,1,0,10,80,1,00:00,23:59,1,1,1,1,1,1,1,1
06P0C0002A,西屯區-公有-上安P  ,平面場小型車14格(身心障礙1格),臨停費率,每半小時10元,0,1,30,10,,1,00:00,23:59,1,1,1,1,1,1,1,1
27P0C0010A,太平區-公所-長安P,小型車25格,汽車臨停,15元/半小時,0,1,30,15,,1,00:00,23:59,1,1,1,1,1,1,1,1
06P0C0023A,西屯區-公有-福恩P,全日,自小客客計時方案,10元/半小時 ,0,1,30,10,,1,00:00,23:59,1,1,1,1,1,1,1,1
07P0C0005A,南屯區-公有-文心森林公園附屬P,平面戶外車位共計116格(含6身障3親子),自小客車計時方案,每半小時10元 無當日最高優惠,0,1,30,10,,1,00:00,23:59,1,1,1,1,1,1,1,1
05P0C0010A,北區-公有-金龍P,平面式小型車32格(含身障1格、親子1格),自小客車半小時10元,,0,1,30,10,,1,00:00,23:59,1,1,1,1,1,1,1,1
07P0C0013A,南屯區-公有-精科P,平面式停車場 汽車格數35格(包含身障1格及親子1格),自小客車計時方式,自小客每小時20元,0,1,30,10,,1,00:00,23:59,1,1,1,1,1,1,1,1
02P0C0004A,東區-公有-三賢P,小型車131格,自小客計時,半小時10元,0,1,30,10,,1,00:00,23:59,1,1,1,1,1,1,1,1
05P0C0012A,北區-公有-健行P,身障1,自小客車半小時10元,,0,1,30,10,,1,00:00,23:59,1,1,1,1,1,1,1,1
17P0C0001A,潭子-公有-環中東路一段台74快速道路下P ,汽車192、機車41,機車免費,,0,2,0,0,,1,00:00,23:59,1,1,1,1,1,1,1,1
09P0C0009A,豐原區-公有-葫蘆墩圳平面P7,小型車61格(含身障車格),自小客車計時方案,自小客車每小時30元(以半小時計費),0,1,30,15,200,1,00:00,23:59,1,1,1,1,1,1,1,1
05P0C0015C,北區-公有-雙十國中地下停車場,地下停車場,自小客計時,半小時10元,0,1,30,10,,1,00:00,23:59,1,1,1,1,1,1,1,1
06P0C0026A,西屯區-公有-櫻花P  ,平面場小型車21格(身心障礙1格)，機車17格(身心障礙1格),臨停費率,,0,1,30,10,,1,00:00,23:59,1,1,1,1,1,1,1,1
05P0C0006A,北區-公有-忠明路臨時P,平面式小型車100格(含身障2格),自小客車半小時10元,,0,1,30,10,,1,00:00,23:59,1,1,1,1,1,1,1,1
05P0C0008A,北區-公有-武昌P,小型車21格(含身心障礙車格1格) 。,自小客車計時費率,,0,1,30,10,,1,00:00,23:59,1,1,1,1,1,1,1,1
13P0C0004B,沙鹿區-公有-沙田立體P,小型車186格(含身心障礙汽車格位4格、親子車位4格)、機車92格(含身心障礙機車格位2格),汽車臨停,15元/半小時,0,1,30,15,,1,00:00,23:59,1,1,1,1,1,1,1,1
07P0C0002A,南屯區-公有-大進P,平面式,,,,,,,,,,,,,,,,,,
06P0C0004A,西屯區-公有-大福P,總車格數17格,自小客計時,半小時10元,0,1,30,10,,1,00:00,23:59,1,1,1,1,1,1,1,1
18P0C0004A,大雅區-公有-停六P,"汽車臨時停車每半小時新台幣15元 汽車月租每月每輛新台幣1,200元整",小客車,汽車臨時停車每半小時新台幣15元,0,1,30,15,,1,00:00,23:59,1,1,1,1,1,1,1,1
09P0C0013A,豐原區-公有-廣兼停二P,平面式停場,自小客車計時方案,,0,1,30,10,,1,00:00,00:00,1,1,1,1,1,1,1,1
06P0C0014A,西屯區-公有-河南P  ,平面場小型車19格(身心障礙1格),臨停費率,,0,1,30,10,,1,00:00,23:59,1,1,1,1,1,1,1,1
08P0C0002A,北屯區-公有-(細廣停1)敦化P,"小型車13格(含身障1格,親子1格)",自小客車計時方案,,254,1,30,10,100,1,00:00,00:00,1,1,1,1,1,1,1,1
28P0C0002A,大里區-公有-德芳興P,平面場小型車15格(身心障礙1格),小客車,,0,1,30,10,,1,00:00,23:59,1,1,1,1,1,1,1,1
06P0C0028A,西屯區-公有-惠中停車場(A區),小型車217格（含身心障礙５格）,汽車,,0,1,30,15,,1,00:00,23:59,1,1,1,1,1,1,1,1
12P0C0001A,清水區-公有-牛罵頭P,平面停車場(身心障礙2格),計時收費,,0,1,30,10,,1,00:00,00:00,1,1,1,1,1,1,1,1
06P0C0016A,西屯區-公有-國豐P,小型車68格，機車29,自小客計時,半小時10元,0,1,30,10,,1,00:00,23:59,1,1,1,1,1,1,1,1
03P0C0008A,南區-公有-復興P,汽車9格(含身心障礙車格1格),自小客車計時費率,,0,1,30,20,,1,00:00,23:59,1,1,1,1,1,1,1,1
18P0C0005A,大雅區-公有-中清雅潭P,"甲類（每小時20元或每次30元）標準內收費，即小型車計時20元/小時或計次30元/次內，前開費率如採計時應以半小時計價。 小型車月票1,500元內",自小客車計時方案,每小時20元,0,1,30,20,200,1,00:00,23:59,1,1,1,1,1,1,1,1
07P0C0007C,南屯區-公有-水安宮地下P,104格(含身心障礙車格:4格),平假日臨停,自小客車每小時30元,0,1,60,30,,1,00:00,23:59,1,1,1,1,1,1,1,1
07P0C0015A,南屯區-公有-錢嶺P,平面式小型車75格(含1親子1身障),自小客車計時方案,自小客車每半小時10元,0,1,30,10,,1,00:00,23:59,1,1,1,1,1,1,1,1
03P0C0011A,南區-公有-崇倫北街19巷停車場,戶外露天21格,自小客車收費方式,每半小時收費10元 當日最高360元,0,1,30,10,360,1,00:00,23:59,1,1,1,1,1,1,1,1
08P0C0003A,北屯區-公有-(細廣停1)景賢P,"小型車105格(含身障6格,親子1格),機車44格(含身障2格)",自小客車計時方案,,254,1,60,20,60,1,00:00,00:00,1,1,1,1,1,1,1,1
03P0C0001A,南區-公有-大慶P,汽車：20元/時,,,,,,,,,,,,,,,,,,
07P0C0008A,南屯區-公有-南屯P  ,平面場小型車58格(身心障礙2格),臨停費率,,0,1,30,10,,1,00:00,23:59,1,1,1,1,1,1,1,1
08P0C0015A,北屯區-公有-昌和公園附設P,平面式小型車(含身障車格1格、親子車格1格),30分鐘10元,,0,1,30,10,,1,00:00,23:59,1,1,1,1,1,1,1,1
04P0C0008A,西區-公有-林森P,平面式,計時方案,20元/小時,0,1,60,20,,0,00:00,23:59,1,1,1,1,1,1,1,1
06P0C0032C,西屯區-公有-市政公園地下停車場,地下停車場,重機計時方案,每半小時10元(每小時20元),0,3,30,10,,1,00:00,23:59,1,1,1,1,1,1,1,1
05P0C0019C,北區-獎參-中正公園地下停車場,立體停車場,自小客車計時方案,每小時40元,0,1,60,40,,0,00:00,23:59,1,1,1,1,1,1,1,1
09P0C0018A,豐原區-公有-豐原區社會住宅預定地臨時停車場,平面汽機車停車場,大型車計時方案,大型車每小時收費40元,0,5,60,40,,1,00:00,23:59,1,1,1,1,1,1,1,1
02P0C0003A,東區-公有-一心P,小型車58格(含身心障礙車格2格), 自小客車計時方案, 自小客車計時方案,0,1,30,20,,1,00:00,23:59,1,1,1,1,1,1,1,1
08P0C0019A,北屯區-公有-軍福P,平面式36格(含身障停車格1格),平假日臨停,自小客車每小時20元,0,1,30,20,0,1,00:00,23:59,1,1,1,1,1,1,1,1
28P0C0006A,大里區-公有-國光公園P,平面場小型車29格(身心障礙1格),小客車,,0,1,30,10,,1,00:00,23:59,1,1,1,1,1,1,1,1
05P0C0016A,北區-公有-福音停車場,平面停車,半小時計費,,0,1,30,10,,1,00:00,23:59,1,1,1,1,1,1,1,1
03P0C0005A,南區-公有-健康公園附設P,小型車54格(含身心障礙車格1格),自小客車計時費率,,0,1,30,20,,1,00:00,23:59,1,1,1,1,1,1,1,1
09P0M0001A,豐原區-公有-橫街尾P,平面式機車停車場,免費,,0,2,0,0,,1,00:00,00:00,1,1,1,1,1,1,1,1
17P0C0003B,潭子區-公有-潭興立體停車場,立體停車場,機車收費,,0,2,3600,20,20,0,00:00,23:59,1,1,1,1,1,1,1,1
06P0C0008A,西屯區-公有-弘孝P  , 平面場小型車37格(身心障礙1格),臨停費率,每半小時10元,0,1,30,10,,1,00:00,23:59,1,1,1,1,1,1,1,1
06P0C0030A,西屯區-公有-中央公園北側P,平面式小型車401格(含身障15格),自小客車半小時10元,,0,1,30,10,,1,00:00,23:59,1,1,1,1,1,1,1,1
03P0C0013A,南區-公有-工學六街停車場,平面停車場,自小客車計時費率,,0,1,30,10,,1,00:00,23:59,1,1,1,1,1,1,1,1
08P0C0025A,北屯區-公有-(廣兼停7)南興P,平面式小型車205格(含身障 親子 電動車位),自小客車計時方案,,0,1,30,10,,1,00:00,23:59,1,1,1,1,1,1,1,1
07P0C0003A,南屯區-公有-大新P  ,平面場小型車43格(身心障礙1格),臨停費率,,0,1,30,10,,1,00:00,23:59,1,1,1,1,1,1,1,1
08P0C0014A,北屯區-公有-江興P,"小型車82格(含身障2格,親子1格)",24H(無人工收費),,254,1,60,20,150,1,00:00,00:00,1,1,1,1,1,1,1,1
09P0C0006A,豐原區-公有-葫蘆墩圳平面P4,小型車60格(含身障車格),自小客車計時方案,自小客車每小時30元(以半小時計費),0,1,30,15,200,1,00:00,23:59,1,1,1,1,1,1,1,1
08P0C0018A,北屯區-公有-軍功P,平面式41格(含身障停車格2格),平假日臨停,自小客車每小時20元,0,1,30,20,,1,00:00,23:59,1,1,1,1,1,1,1,1
08P0C0021C,北屯區-公有-臺中市中央公園地下P,小型車812格(含身障車格18格)，機車522格(含身障車格12格),自小客車半小時10元,,0,1,30,10,,1,00:00,23:59,1,1,1,1,1,1,1,1
27P0C0012A,太平區-公所-祥順運動公園P,小型車47格,汽車臨停,汽車10元/半小時,0,1,30,10,,1,00:00,23:59,1,1,1,1,1,1,1,1
06P0C0015A,西屯區-公有-馬龍潭P,汽車身障2/機車身障4,計時,10元/0.5H(未滿30分，以30分計算),0,1,30,10,,1,00:00,23:59,1,1,1,1,1,1,1,1
02P0C0008A,東區-公有-信心P,平面式小型車195格(含身障4格、親子3格),自小客車半小時10元,,0,1,30,10,,1,00:00,23:59,1,1,1,1,1,1,1,1
07P0C0006A,南屯區-公有-文昌P,小型車24格(含身心障礙車格1格) ,自小客車計時方案,全日,0,1,30,20,,1,00:00,23:59,1,1,1,1,1,1,1,1
06P0C0009A,西屯區-公有-同心P  , 平面場小型車21格(身心障礙1格),臨停費率,,0,1,30,10,,1,00:00,23:59,1,1,1,1,1,1,1,1
05P0C0005A,北區-公有-育樂P,平面式小型車(含身障車格2格、親子車格1格),30分鐘10元,,0,1,30,10,,1,00:00,23:59,1,1,1,1,1,1,1,1
08P0C0024A,北屯區-公有-(細廣兼停2)長富P,平面式小型車23格(含身障 親子 電動車位),自小客車計時方案,,0,1,30,10,,1,00:00,23:59,1,1,1,1,1,1,1,1
27P0C0009A,太平區-公有-育賢P,平面小型車停車場,,,,,,,,,,,,,,,,,,
09P0C0008A,豐原區-公有-葫蘆墩圳平面P6,小型車64格(含身障車格),自小客車計時方案,自小客車每小時30元(以半小時計費),0,1,30,15,200,1,00:00,23:59,1,1,1,1,1,1,1,1
03P0C0002A,南區-公有-南平P,小型車75格(含身心障礙車格2格),自小客車計時費率,,0,1,30,15,,1,00:00,23:59,1,1,1,1,1,1,1,1
09P0C0014A,豐原區-公有-博愛重劃區P11,平停車場,,,,,,,,,,,,,,,,,,
02P0C0007A,東區-公有-東英P,小型車109格(含身心障礙車格3格),自小客車計時方案,,0,1,60,20,,1,00:00,23:59,1,1,1,1,1,1,1,1
03P0M0001A,南區-公有-建國北P,機車：20元/次 ，隔天重新計價。,,,,,,,,,,,,,,,,,,
05P0C0013A,北區-公有-新興P,平面式小型車(含身障車格4格、親子車格3格),30分鐘10元,,0,1,30,10,,1,00:00,23:59,1,1,1,1,1,1,1,1
27P0C0007A,太平區-公有-長億P,29,小客車計時方案,,0,1,60,20,,1,00:00,23:59,1,1,1,1,1,1,1,1
18P0C0001B,大雅區-公有-停一立體P,停一停車場為立體式停車場，汽車停車位共234格(含身心障 礙停車格1格),計時方案,每小時收費20元,0,1,60,20,200,1,00:00,23:59,1,1,1,1,1,1,1,1
04P0C0003B,西區-公有-大益立體P,立體式小型車156格(身心障礙4格.親子車格3格),自小客車計時方案,"平日：$10/0.5H,當日當次最高上限$200；假日：$10/0.5H,當日當次最高上限$250",0,1,30,10,,1,00:00,23:59,1,1,1,1,1,1,1,1
28P0C0016C,大里區-公有-國立興大附中地下P,地下停車場小型車231格(身心障礙6格),自小客計時,半小時10元,0,1,30,10,,1,00:00,23:59,1,1,1,1,1,1,1,1
10P0C0005B,東勢區-公所-綜合立體P,小型車307格(含身障汽車格位7格、親子車位16格)、機車60格(含身障機車格位1格),汽車臨停,汽車臨時停車每半小時15元，未滿半小時者，以半小時計算收費,0,1,30,15,,1,00:00,23:59,1,1,1,1,1,1,1,1
24P0C0006C,大肚區-公所-大肚地下P,汽車123格(含身障汽車格位3格)、機車54格(含身障機車格位2),汽車臨停,汽車10元/半小時,0,1,30,10,,1,00:00,23:59,1,1,1,1,1,1,1,1
09P0C0011A,豐原區-公有-葫蘆墩圳平面P9,小型車45格(含身障車格),自小客車計時方案,自小客車每小時30元(以半小時計費),0,1,30,10,180,1,00:00,23:59,1,1,1,1,1,1,1,1
07P0C0018B,南屯區-公有-正心立體停車場,257(含身心障礙車格6格、親子車格6格、 低碳車格11格) 、機車7格,小客車,前15分鐘免費，15元/半小時,0,1,30,15,,1,00:00,23:59,1,1,1,1,1,1,1,1
06P0C0012A,西屯區-公有-忠義P  ,平面場小型車17格(身心障礙1格)，機車28格(身心障礙1格),臨停費率,,0,1,30,10,,1,00:00,23:59,1,1,1,1,1,1,1,1
28P0C0017B,大里區-公有-東榮立體P,地下室一層，地上6層,自小客,4小時免費,1,1,30,15,250,1,00:00,23:59,1,1,1,1,1,1,1,1
08P0C0020A,北屯區-公有-雷中P,小型車23格(含身障停車格1格),平假日臨停,自小客車每小時20元,0,1,30,20,,0,00:00,23:59,1,1,1,1,1,1,1,1
03P0C0003A,南區-公有-城隍P,小型車18格(含身障停車格1格),"機車免收費,小客車每小時NT$20,半小時計,入場10分鐘內離場不收費,月票售價NT$1200/月",,0,1,30,10,,1,00:00,23:59,1,1,1,1,1,1,1,1
08P0C0004A,北屯區-公有-(細廣停2)中平P,"小型車17格(含身障2格,親子1格)",自小客車計時方案,,254,1,30,10,100,1,00:00,00:00,1,1,1,1,1,1,1,1
28P0C0010A,大里區-公有-仁堤P, 平面場小型車56格(身心障礙2格),自小客車計費方式,,0,1,30,10,,1,00:00,23:59,1,1,1,1,1,1,1,1
04P0C0007A,西區-公有-吉龍P,平面式小型車61格(含身障2格、親子1格),自小客車半小時10元,,0,1,30,10,,1,00:00,23:59,1,1,1,1,1,1,1,1
05P0C0014C,北區-公有-臺中公園地下P  ,立體小型車440,臨停費率,每半小時15元,0,1,30,15,,1,00:00,23:59,1,1,1,1,1,1,1,1
27P0C0002B,太平區-公有-中興立體P,立體式小型車198格(含身心障礙停車位5格及親子停車位11格),自小客車計時,,0,1,60,20,,0,00:00,23:59,1,1,1,1,1,1,1,1
28P0C0008A,大里區-公有-國光花市P,平面場小型車146格(身心障礙3格),小客車,,0,1,30,10,,1,00:00,23:59,1,1,1,1,1,1,1,1
04P0C0004A,西區-公有-平和P,平面式小型車7格(含身障1格),免費,,0,1,0,0,,1,00:00,23:59,1,1,1,1,1,1,1,1
04P0C0016C,西區-公有-忠明公園地下停車場,小型車80格(含2格身障、2格婦幼、2格充電),半小時15元,,0,1,30,15,,1,00:00,23:59,1,1,1,1,1,1,1,1
08P0C0001A,北屯區-公有-(公49)新平公園附屬P,"小型車95格(含身障2格,親子1格)",自小客車計時方案,,254,1,30,10,100,1,00:00,00:00,1,1,1,1,1,1,1,1
06P0C0017A,西屯區-公有-細停二P,小型車43,自小客計時,半小時10元,0,1,30,10,,1,00:00,23:59,1,1,1,1,1,1,1,1
06P0C0003A,西屯區-公有-下石碑P,小型車156格,自小客計時,半小時10元,0,1,30,10,,1,00:00,23:59,1,1,1,1,1,1,1,1
08P0C0010A,北屯區-公有-仁德P,小型車141 格(含身心障礙車格5 格、親子車格2 格)。,自小客車費率,,0,1,60,20,,1,00:00,23:59,1,1,1,1,1,1,1,1
28P0C0005A,大里區-公有-鳥竹圍公園P,平面場小型車53格(身心障礙4格),小客車,,0,1,30,10,,1,00:00,23:59,1,1,1,1,1,1,1,1
05P0C0018A,北區-公有-永興停車場,身障車格2 婦幼車格1格 充電車格1格,自小客車計時方案,,0,1,30,10,,1,00:00,23:59,1,1,1,1,1,1,1,1
08P0C0023A,北屯區-公有-(細廣停2)太和P,平面式小型車42格(含身障 親子 電動車位),自小客車計時方案,,0,1,30,10,,1,00:00,23:59,1,1,1,1,1,1,1,1
05P0C0003A,北區-公有-中德P,平面式小型車29格(含身障1格、親子1格),自小客車半小時10元,,0,1,30,10,,1,00:00,23:59,1,1,1,1,1,1,1,1
18P0C0002A,大雅區-公有-三和公園附屬P,三和公園附屬停車場：汽車停車位共16格(含身心障礙停車格1格),計時方案,,0,1,60,20,,1,00:00,23:59,1,1,1,1,1,1,1,1
27P0C0001A,太平區-公有-坪林森林附屬P,平面式,自,每小時20元,0,1,60,20,,1,00:00,23:59,1,1,1,1,1,1,1,1
07P0C0017A,南屯區-公有-豐樂P,小型車359 格(含身心障礙車格8 格、親子車格8 格)、 機車127 格(含身心障礙車格3 格)。,自小客車計時方案,小型車每小時新臺幣20 元,0,1,60,20,,1,00:00,23:59,1,1,1,1,1,1,1,1
05P0C0004A,北區-公有-育強P,平面式小型車(含身障車格1格),30分鐘10元,,0,1,30,10,,1,00:00,23:59,1,1,1,1,1,1,1,1
04P0C0014A,西區-公有-藍興P,平面式小型車(含身障車格1格、親子車格1格),30分鐘10元,,0,1,30,10,,1,00:00,23:59,1,1,1,1,1,1,1,1
04P0C0013A,西區-公有-廣民P,平面式小型車11格(含身障1格)、機車25格(含身障1格),自小客車半小時10元,,0,1,30,10,,1,00:00,23:59,1,1,1,1,1,1,1,1
09P0C0004B,豐原區-公有-育英路立體P,立體式小型車(含身障車格4格、親子車格4格),30分鐘10元,,0,1,30,10,,1,00:00,23:59,1,1,1,1,1,1,1,1
04P0C0010A,西區-公有-美村P,平面式小型車101格(含身障3格、親子2格),自小客車半小時10元,,0,1,30,10,,1,00:00,23:59,1,1,1,1,1,1,1,1
06P0C0020A,西屯區-公有-朝馬P  ,平面式小型車123格(含身障3格),自小客車半小時10元,,0,1,30,10,,1,00:00,23:59,1,1,1,1,1,1,1,1
03P0C0004C,南區-公有-健康公園地下P,立體式31格(含身障停車格2格),平假日臨停,自小客車每小時20元,0,1,60,20,,1,00:00,23:59,1,1,1,1,1,1,1,1
07P0C0016A,南屯區-公有-豐功P,小型車97 格(含身心障礙車格3 格、親子車格1 格)。,自小客車計時方案,小型車每小時新臺幣20 元,0,1,60,20,,1,00:00,23:59,1,1,1,1,1,1,1,1
08P0C0013C,北屯區-公有-民俗公園地下P,地下式小型車273格(含身障 親子 電動車位),自小客車計時方案,,0,1,30,10,,1,00:00,23:59,1,1,1,1,1,1,1,1
27P0C0005A,太平區-公有-新光廣兼停四P,72 （2身障，1機車，4婦幼）,小客車計時方案,,0,1,60,20,,1,00:00,23:59,1,1,1,1,1,1,1,1
08P0C0005A,北屯區-公有-(廣停66)新平P,"小型車105格(含身障4格,親子2格)",自小客車計時方案,全日,254,1,30,10,100,1,00:00,00:00,1,1,1,1,1,1,1,1
08P0C0026A,北屯區-公有-(廣兼停8)竹興P,平面式小型車125格(含身障 親子 電動車位),自小客車計時方案,,0,1,30,10,,1,00:00,23:59,1,1,1,1,1,1,1,1
28P0C0001C,大里區-公有-大里運動公園地下P,地下停車場小型車960格(身心障礙22格)，機車357格,自小客車計時方案,每小時20元,0,1,30,20,120,1,00:00,23:59,1,1,1,1,1,1,1,1
08P0C0011A,北屯區-公有-天津P,小型車26 格(含身心障礙車格1 格、親子車格1 格)。,自小客車計時方案,小型車每小時新臺幣20 元,0,1,60,20,,1,00:00,23:59,1,1,1,1,1,1,1,1
08P0C0017A,北屯區-公有-松榮P,平面式54格(含身障停車格2格),平假日臨停,自小客車每小時20元,0,1,60,20,,1,00:00,23:59,1,1,1,1,1,1,1,1
28P0C0015A,大里區-公有-崇光P,平面場小型車24格(身心障礙1格),小客車,半小時10元 無當日最高優惠,0,1,30,10,,1,00:00,23:59,1,1,1,1,1,1,1,1
08P0C0028A,北屯區-公有-平德停車場,平面戶外車位共計10格(含1身障),自小客車計時方案,半小時10元，最高上限120,0,1,30,10,,1,00:00,23:59,1,1,1,1,1,1,1,1
28P0C0003A,大里區-公有-仁興P,平面場小型車19格(身心障礙1格),小客車,,0,1,30,10,,0,00:00,23:59,1,1,1,1,1,1,1,1
08P0C0012A,北屯區-公有-天祥P,小型車52格(含身障2、親子1),自小客車半小時10元,,0,1,30,10,,1,00:00,23:59,1,1,1,1,1,1,1,1
06P0C0021A,西屯區-公有-朝富P,平面式小型車171格(含身障4格、親子3格)、機車524格(含身障11格),自小客車半小時10元,,0,1,30,10,,1,00:00,23:59,1,1,1,1,1,1,1,1
02P0C0006A,東區-公有-旱溪P,小型車178格,自小客計時,半小時10元,0,1,30,10,,1,00:00,23:59,1,1,1,1,1,1,1,1
06P0C0024A,西屯區-公有-福順P  ,平面式小型車88格(含身障2格),自小客車半小時10元,,0,1,30,10,,1,00:00,23:59,1,1,1,1,1,1,1,1
07P0C0001A,南屯區-公有-三塊厝P,平面戶外車位共計336格(含8身障6親子),大客車計時方案,每半小時20元 無當日最高優惠,0,5,30,20,,1,00:00,23:59,1,1,1,1,1,1,1,1
06P0C0005A,西屯區-公有-大墩P,"總車格數52格（親子子位,1殘障車位1）",自小客計時方案,,0,1,30,10,,1,00:00,23:59,1,1,1,1,1,1,1,1
17P0C0002C,潭子-公有-國民暨兒童運動中心(B2層)停車場,身心障礙車位2格;親子婦幼車位2格,一般車位,以半小時計費，每小時20元,0,1,30,20,0,1,00:00,23:59,1,1,1,1,1,1,1,1
09P0C0015A,豐原區-公有-博愛重劃區P3、5,平停車場,自小客車計時方案,,0,1,0,0,,1,00:00,00:00,1,1,1,1,1,1,1,1
27P0C0008A,太平區-公有-平安廣場P,28 （1身障，1婦幼）,小客車計時方案,,0,1,60,20,,1,00:00,23:59,1,1,1,1,1,1,1,1
06P0C0025A,西屯區-公有-銀聯三村P,汽172，機97,自小客計時,半小時10元,0,1,30,10,,1,00:00,23:59,1,1,1,1,1,1,1,1
05P0C0011A,北區-公有-建成P,小型車 58 格(含身心障礙車格 2 格)、機車 37 格(含身心障礙車 格 2 格),自小客車計時方案,全日,0,1,30,20,,1,00:00,23:59,1,1,1,1,1,1,1,1
28P0C0012A,大里區-公有-廣兼停五P   ,平面場小型車22格(身心障礙1格),小客車,半小時10元 無當日最高優惠,0,1,30,10,,1,00:00,23:59,1,1,1,1,1,1,1,1
02P0M0001A,東區-公有-大智北機車P,身障格2,計時,,0,2,30,5,,1,00:00,23:59,1,1,1,1,1,1,1,1
09P0C0005A,豐原區-公有-葫蘆墩圳平面P3,小型車86格(含身障車格),自小客車計時方案,自小客車每小時30元(以半小時計費),0,1,30,15,200,1,00:00,23:59,1,1,1,1,1,1,1,1
06P0C0018B,西屯區-公有-惠來立體P,小型車393格(含身障車格9格)，機車161格(含身障車格3格),每30分鐘15元，未滿30分鐘以30分鐘計,,0,1,30,15,120,1,00:00,23:59,1,1,1,1,1,1,1,1
06P0C0022A,西屯區-公有-福安P,總車格數37格（殘障車位1）,自小客客計時方案,10元/半小時 （優惠費率以現場公告為主）,0,1,30,10,,1,00:00,23:59,1,1,1,1,1,1,1,1
03P0C0009A,南區-公有-德義P,小型車30格(含身障停車格2格),自小客車計費,,0,1,30,20,,1,00:00,23:50,1,1,1,1,1,1,1,1
04P0C0001A,西區-公有-(細停178)自立P,小型車29格(含身障車格),自立街出入口,自小客車每小時20元,0,1,60,20,,1,00:00,23:59,1,1,1,1,1,1,1,1
04P0C0012C,西區-公有-萬壽棒球場附屬地下P,小型車91格；1樓平面小型車9格(含身障車格2格)。,自小客車費率,,0,1,60,20,,1,00:00,23:29,1,1,1,1,1,1,1,1
18P0C0003A,大雅區-公有-停四P,小型車32格(含身障停車格1格)     及機車停車格9格(含身障停車位1格),自小客車,每小時30元,0,1,60,30,,1,00:00,23:59,1,1,1,1,1,1,1,1
07P0C0014A,南屯區-公有-黎明P,平面式小型車11格(含身障1格1婦幼),自小客車半小時10元,,0,1,30,10,,1,00:00,23:59,1,1,1,1,1,1,1,1
11P0C0001A,大甲區-公有-文武P,平面式小型車34格(含身障 親子 電動車位),自小客車計時方案,,0,1,30,10,,0,00:00,23:59,1,1,1,1,1,1,1,1
28P0C0004A,大里區-公有-大新P,平面場小型車29格(身心障礙1格),小客車,,0,1,30,10,,1,00:00,23:59,1,1,1,1,1,1,1,1
06P0C0010A,西屯區-公有-何厝P,"總車格數27格（親子子位,1殘障車位1）",自小客客計時方案,10元/半小時 ,254,1,30,10,,1,00:00,23:59,1,1,1,1,1,1,1,1
06P0C0029A,西屯區-公有-惠中停車場(B區),小型車109格（含身心障礙格位2格、親子車位3格）,小客車,汽車臨時停車每半小時新台幣15元，停車時數未滿半小時者，以半小時計算收費。,0,1,30,15,,1,00:00,23:59,1,1,1,1,1,1,1,1
08P0C0022A,北屯區-公有-(廣兼停5)祥和P,平面式小型車478格(含身障 親子 電動車位),自小客車計時方案,,0,1,30,10,,1,00:00,23:59,1,1,1,1,1,1,1,1
11P0C0003A,大甲區-公有-經國路P,既有小型車格68格(包含身障2格、婦幼4格),自小客車計時方式,,0,1,30,10,,1,00:00,23:59,1,1,1,1,1,1,1,1
09P0C0007A,豐原區-公有-葫蘆墩圳平面P5,小型車43格(含身障車格),自小客車計時方案,自小客車每小時30元(以半小時計費),0,1,30,15,200,1,00:00,23:59,1,1,1,1,1,1,1,1
03P0C0010A,南區-公有-樹德P,小型車72格(含身障停車格4格),自小客車計時費率,,0,1,30,20,,1,00:00,23:59,1,1,1,1,1,1,1,1
05P0C0009A,北區-公有-金華P,平面式小型車45格(含身障1格、親子1格),自小客車半小時10元,,0,1,30,10,,1,00:00,23:59,1,1,1,1,1,1,1,1
02P0C0005B,東區-公有-干城立體P,立體式小型車478格(含身障 親子 電動車位),自小客車費率,每半小時10元,0,1,30,10,,1,00:00,23:59,1,1,1,1,1,1,1,1
03P0C0007A,南區-公有-崇倫公園附設P,汽車：20元/時,"20元/時,日間無最高 :夜間20-08，最高80元",機車:20元;當天當次,0,1,60,20,,1,00:00,23:59,1,1,1,1,1,1,1,1
27P0C0006A,太平區-公有-新光廣停八P,56,小客車計時方案,,0,1,60,20,,1,00:00,23:59,1,1,1,1,1,1,1,1
07P0C0009A,南屯區-公有-春安P,平面式小型車34格(含身障2格、親子1格、充電1格)、機車420格(含身障9格),自小客車半小時10元,,0,1,30,10,,1,00:00,23:59,1,1,1,1,1,1,1,1
28P0C0007A,大里區-公有-公六公園P,平面場小型車30格(身心障礙1格),小客車,,0,1,30,10,,1,00:00,23:59,1,1,1,1,1,1,1,1
07P0C0011A,南屯區-公有-惠文P,平面式小型車310格(含身障7格、親子6格)、大型車14格、機車195格(含身障6格),自小客車半小時10元,,0,1,30,10,,1,00:00,23:59,1,1,1,1,1,1,1,1
06P0C0011A,西屯區-公有-協和P  ,平面式小型車73格(含身障2格),自小客車半小時10元,,0,1,30,10,,1,00:00,23:59,1,1,1,1,1,1,1,1
27P0C0004A,太平區-公有-新光廣兼停一P,小型車格68格,小客車計時方案,,0,1,60,20,,1,00:00,23:59,1,1,1,1,1,1,1,1
09P0C0003A,豐原區-公有-田心路平面P,小型車37格(含身障車格),,,,,,,,,,,,,,,,,,
05P0C0002A,北區-公有-中賓P,小型車178格(含身心障礙車格4格),自小客車計時方案,,0,1,30,30,,1,00:00,23:59,1,1,1,1,1,1,1,1
07P0C0004C,南屯區-公有-大墩國中地下P,室內小型車共計158格(含4格身障),自小客車計時方案,每半小時10元 無當日最高優惠,0,1,30,10,,1,00:00,23:59,1,1,1,1,1,1,1,1
26P0C0001C,霧峰區-公所-本堂公園地下P,地下停車場,自小客車停車收費,,254,1,30,10,,1,00:00,23:59,1,1,1,1,1,1,1,1
06P0C0019A,西屯區-公有-惠順P,平面汽機車停車場,一般重型機車,一般重型機車 每半小5元 當日最高50元,0,2,30,5,,1,00:00,23:59,1,1,1,1,1,1,1,1
06P0C0031A,西屯區-公有-中央公園南側P,平面式小型車376格(含身障12格),自小客車半小時10元,,0,1,30,10,,1,00:00,23:59,1,1,1,1,1,1,1,1
09P0C0002A,豐原區-公有-中陽路平面P,小型車44格(含身障車格),,,,,,,,,,,,,,,,,,
06P0C0001B,西屯區-公有-(停71)漢口立體P,汽車車格376(含身障車格:4格)，機車車格241格,自小客車計時方案,,0,1,60,40,,0,00:00,23:59,1,1,1,1,1,1,1,1
08P0C0006A,北屯區-公有-三光P,小型車63格，機車20格,自小客計時,半小時10元,0,1,30,10,,1,00:00,23:59,1,1,1,1,1,1,1,1
28P0C0011A,大里區-公有-立新社區P,平面場小型車22格(身心障礙1格),自小客車計費方式,,0,1,30,10,,1,00:00,23:59,1,1,1,1,1,1,1,1
05P0C0007A,北區-公有-東欣P,平面式小型車(含身障車格2格、親子車格1格),30分鐘10元,,0,1,30,10,,1,00:00,23:59,1,1,1,1,1,1,1,1
08P0C0027A,北屯區-公有-(廣停5)同榮P,平面式小型車140格(含身障 親子 電動車位),自小客車計時方案,,0,1,30,10,,1,00:00,23:59,1,1,1,1,1,1,1,1
02P0C0009B,東區-公有-南京立體P,小型車774格(含身障車格),自小客車計時方案,,0,1,60,20,,1,00:00,23:59,1,1,1,1,1,1,1,1
47940406,林默娘停車場,平面式小型車183格(含身心障礙、婦幼車格及綠能車位各4格)。機車212格。,汽車停車場計時收費,,0,1,0,20,0,1,00:00,00:00,1,1,1,1,1,1,1,0
85744208,崇善路龍山停車場,平面式小型車158格，機車24格。,一般計時費率,,0,1,0,10,0,1,00:00,00:00,1,1,1,1,1,1,1,0
88909858,復興停車場,平面式小型車23格(含身心障礙停1格、婦幼車格1格及綠能車位1格)。,臨時停車收費,,0,1,0,20,0,1,00:00,00:00,1,1,1,1,1,1,1,0
85766482-2,南科西側停車場,汽車平面式小型車24格(含身心障礙停、婦幼車格及綠能車位1格)/機車平面式小型機車290格(含身心障礙停車格各6格及綠能車位6格),,,,,,,,,,,,,,,,,,
47940378,水景停車場,平面式小型車137格(含身心障礙、婦幼車格及綠能車位各4格)。,汽車停車場計時收費,,0,1,0,20,0,1,00:00,00:00,1,1,1,1,1,1,1,0
47847561,新營綠都心停車場,立體式小型車295格(含身心障礙停7格、婦幼車格5格及綠能車位5格)。,臨時停車收費,,0,1,0,20,0,1,00:00,00:00,1,1,1,1,1,1,1,0
81290486,長榮崇明停車場,平面停車場小型車16格（含身心障礙車1格、婦幼車格1格及綠能車位1格）,計時方案,,0,1,0,20,0,1,00:00,00:00,1,1,1,1,1,1,1,0
89096035,和平公園停車場,平面停車場小型車90格（含身心障礙車2格、婦幼車格2格及綠能車格5格）,,,0,1,0,60,0,1,,,1,1,1,1,1,1,1,0
47862936,公園南路停車場,平面停車場小型車280格（含身心障礙車格、婦幼車格各6格及綠能優先車位14格）大型車10格,計時方案,,0,1,0,30,0,1,00:00,00:00,1,1,1,1,1,1,1,0
40814707,東光路地下停車場,立體式小型車252格(含身心障礙停、婦幼車格各6格及綠能車位9格)。,身障臨停費率,,1,9,0,10,0,1,00:00,00:00,1,1,1,1,1,1,1,0
89022098,新市富中停車場,平面式小型車77格(含身心障礙2格、婦幼車格2格及綠能車位2格)。,臨時停車收費      當日最高優惠,,0,0,0,30,0,1,00:00,00:00,1,1,1,1,1,1,1,0
97100722,臺南航空站旅客停車場,立體式小型車114格(含身心障礙停3格、婦幼車格4格及綠能車位2格)。,,,,,,,,,,,,,,,,,,
47931027,北安停車場,平面式小型車 17 格(含身心障礙1格、婦幼車格1格及綠能車位1格)。,臨時停車收費      當日最高優惠,,0,1,0,30,0,1,00:00,00:00,1,1,1,1,1,1,1,0
54555420,海安地下停車場,平面式小型車1036格(含身心障礙停28格、婦幼車格21格及綠能車位24格)。,假日臨時停車收費本停車場 30 分鐘內優惠方案,,0,1,0,30,0,1,00:00,00:00,1,1,1,1,1,1,1,0
47911872,崇明E6停車場,平面式小型車115格(含身障、婦幼、綠能各3格),,,,,,,,,,,,,,,,,,
88908324,目加溜灣橋下停車場,平面小型車62格(含身心障礙停、婦幼車格各2格及綠能車位2格)。,,,,,,,,,,,,,,,,,,
81401856,裕文停車場,平面式小型車20格(含身心障礙停1格、婦幼車格1格及綠能車位1格)。,臨時停車收費,,0,1,0,20,0,1,00:00,00:00,1,1,1,1,1,1,1,0
81339426,泉南里停車場,平面停車場小型車17格（含身心障礙車1格、婦幼車格1格及綠能車位1格）,計時方案,,0,1,0,20,0,1,00:00,00:00,1,1,1,1,1,1,1,0
85585519,永福停車場,立體式小型車34 格(含身心障礙1格、婦幼車格1格及綠能車位1格)。,臨時停車收費      當日最高優惠,,0,1,0,30,0,1,00:00,00:00,1,1,1,1,1,1,1,0
88908318,臺鐵南科車站西側(第二區)停車場,平面小型車33格(含身心障礙停、婦幼車格各1格及綠能車位1格)。,,,,,,,,,,,,,,,,,,
81401820,華平二停車場,平面式小型車20 格(含身心障礙1格、婦幼車格1格及綠能車位1格)。,臨時停車收費      當日最高優惠,,0,1,0,30,0,1,00:00,00:00,1,1,1,1,1,1,1,0
37709940,五都停車場高鐵台南二站,小型車89格(平面式),,,,,,,,,,,,,,,,,,
81319060,富北停車場,平面式小型車11 格(含身心障礙1格、婦幼車格1格及綠能車位1格)。,臨時停車收費      當日最高優惠,,0,1,0,30,0,1,00:00,00:00,1,1,1,1,1,1,1,0
81290514,東橋八街停車場,平面停車場小型車91格（含身心障礙車1格、婦幼車格2格及綠能車位2格）,計時方案,,0,1,0,20,0,1,00:00,00:00,1,1,1,1,1,1,1,0
47911795,崇明E37停車場,平面式小型車28格(含身障2格，婦幼、綠能各1格),,,,,,,,,,,,,,,,,,
81319364,水交社停車場,平面式小型車199 格(含身心障礙4格、婦幼車格4格及綠能車位4格)。,臨時停車收費      當日最高優惠,,0,1,0,30,0,1,00:00,00:00,1,1,1,1,1,1,1,0
81401841,立德停車場,平面式小型車133格(含身心障礙停6格、婦幼車格6格及綠能車位8格)。,臨時停車收費,,0,1,0,20,0,1,00:00,00:00,1,1,1,1,1,1,1,0
89038628,友愛街機車停車場,立體式機車103格（含身心障礙車格5格及綠能車位2格）,,,,,,,,,,,,,,,,,,
81386285,永康大橋後站停車場,平面式小型車21格(含身心障礙1格),,,,,,,,,,,,,,,,,,
81946029,兵仔市停車場,平面式小型車32 格(含身心障礙1格、婦幼車格1格及綠能車位1格)。,臨時停車收費      當日最高優惠,,0,1,0,30,0,1,00:00,00:00,1,1,1,1,1,1,1,0
47940399-2,港濱停車場 (第二區),平面式小型車22格 (含綠能優先車格2格),汽車停車場計時收費,,0,1,0,20,0,1,00:00,00:00,1,1,1,1,1,1,1,0
81290471,民生路停車場,平面停車場小型車124格（含身心障礙車7格、婦幼車格6格及綠能車位6格）,計時方案,,0,1,0,20,0,1,00:00,00:00,1,1,1,1,1,1,1,0
85567580,興濟二站停車場,平面式小型車 32格(含身心障礙1格、婦幼車格1格及綠能車位1格)。,臨時停車收費      當日最高優惠,平假日費率不同,0,1,0,30,0,1,00:00,00:00,1,1,1,1,1,1,1,0
81496017,五都停車場台南車寶貝站,小型車142格(平面式),,,,,,,,,,,,,,,,,,
10740980,建業停車場,平面式小型車47格(含身心障礙車格1格、婦幼車格1格及綠能車位1格)。,臨時停車收費      當日最高優惠,,0,1,0,60,0,0,00:00,00:00,1,1,1,1,1,1,1,0
89021751,台南府連停車場,立體式小型車53格(含身心障礙2格、婦幼車格2格及綠能車位2格)。,臨時停車收費      當日最高優惠,,0,0,0,30,0,1,00:00,00:00,1,1,1,1,1,1,1,0
47862942,西門育賢停車場,平面停車場小型車29格（含身心障礙車格、婦幼車格各1格及綠能車位2格）,計時方案,,0,1,0,20,0,1,00:00,00:00,1,1,1,1,1,1,1,0
88915991,善化中正停車場,平面式小型車11格(含身心障礙1格、婦幼車格1格及綠能車位1格)。,臨時停車收費      當日最高優惠,,0,0,0,30,0,1,00:00,00:00,1,1,1,1,1,1,1,0
47911818,和平公園停車場,平面式小型車85格(含身障、婦幼、綠能各2格),,,,,,,,,,,,,,,,,,
81613227,台南健康停車場,立體式小型車20格(含身心障礙1格、婦幼車格1格及綠能車位1格)。,臨時停車收費      當日最高優惠,,0,0,0,30,0,1,00:00,00:00,1,1,1,1,1,1,1,0
47847561-A,大宏社區停車場,平面式小型車27格(含身心障礙停1格、婦幼車格1格及綠能車位1格)。,臨時停車收費,,0,1,0,20,0,1,00:00,00:00,1,1,1,1,1,1,1,0
47927760,關聖里停車場,平面式小型車68格(含身心障礙停2格、婦幼車格2格及綠能車位2格)。,臨時停車收費,,0,1,0,20,0,1,00:00,00:00,1,1,1,1,1,1,1,0
40856918,廣二機車停車場,平面式機車格(含身心障礙停車位8格、綠能車位4格)。,,,,,,,,,,,,,,,,,,
47927776,台南南一停車場,平面式小型車18格(含身心障礙停1格、婦幼車格1格及綠能車位1格)。,臨時停車收費      當日最高優惠,,0,1,0,30,0,1,00:00,00:00,1,1,1,1,1,1,1,0
89050713,平實公園地下停車場,地下停車場小型車226格（含身心障礙停車位5格、婦幼車格6格、綠能優先車格12格）,計時方案,,0,1,0,20,0,1,00:00,00:00,1,1,1,1,1,1,1,0
88864091,成大勝利停車場,平面式小型車90格(含身心障礙2格、婦幼車格2格及綠能車位2格)。,臨時停車收費      當日最高優惠,,0,1,0,30,0,1,00:00,00:00,1,1,1,1,1,1,1,0
47940383,億載停車場,平面式小型車86格(含身心障礙、婦幼車格及綠能車位各2格)。,汽車停車場計時收費,,0,1,0,20,0,1,00:00,00:00,1,1,1,1,1,1,1,0
47939674,大學路(社E2)停車場,平面式小型車150格(含身心障礙、婦幼車格及綠能車位各3格)。平面式機車100格(含身心障礙5格)。,汽車停車場計時收費,,0,1,0,20,0,1,00:00,00:00,1,1,1,1,1,1,1,0
47885804,萬昌停車場,平面式小型車27格(含身心障礙停1格、婦幼車格1格及綠能車位1格)。,臨時停車收費,,0,1,0,20,0,1,00:00,00:00,1,1,1,1,1,1,1,0
85766716-2,富安三街停車場,立體式小型車175格(含身心障礙停、婦幼車格各3格及綠能車位2格)。,,,,,,,,,,,,,,,,,,
37695615,五都停車場高鐵台南站,小型車435格，機車17格,,,,,,,,,,,,,,,,,,
81368744,東興停車場,平面式小型車39 格(含身心障礙1格、婦幼車格1格及綠能車位1格)。,臨時停車收費      當日最高優惠,,0,1,0,30,0,1,00:00,00:00,1,1,1,1,1,1,1,0
85766716-1,富中街停車場,立體式小型車129格(含身心障礙停、綠能車位各2格及婦幼車格3格)。,,,,,,,,,,,,,,,,,,
47885810,環河停車場,平面式小型車34格(含身心障礙停1格、婦幼車格1格及綠能車位1格)。,臨時停車收費,,0,1,0,20,0,1,00:00,00:00,1,1,1,1,1,1,1,0
47911839,德光公園停車場,平面式小型車20格(含身障、婦幼、綠能各1格),,,,,,,,,,,,,,,,,,
88918738,新營和平停車場,平面式小型車22格(含身心障礙1格、婦幼車格1格及綠能車位1格)。,臨時停車收費      當日最高優惠,,0,0,0,30,0,1,00:00,00:00,1,1,1,1,1,1,1,0
47931011,西華停車場,平面式小型車 18格(含身心障礙1格、婦幼車格1格及綠能車位1格)。,臨時停車收費      當日最高優惠,,0,1,0,30,0,1,00:00,00:00,1,1,1,1,1,1,1,0
81320382,大學路社E1停車場,平面式小型車57格(含身心障礙1、婦幼2、綠能車格2格),信用卡優惠專案,,0,1,0,20,0,1,00:00,00:00,1,1,1,1,1,1,1,0
37621369,高鐵橋下台南停車場,平面小型車198格(含身心障礙、婦幼車位),,,,,,,,,,,,,,,,,,
88908204,LM陽光電城停車場,平面小型車101格(含身心障礙停、婦幼車格各6格及綠能車位9格)。,,,,,,,,,,,,,,,,,,
85766482-1,南科東側停車場,汽車平面式小型車62格(含身心障礙、婦幼車位和綠能車位各1格)/機車平面式小型機車236格(含身心障礙停車格及綠能車位各4格),,,,,,,,,,,,,,,,,,
88909843,復華一街停車場,平面式小型車55格(含身心障礙停2格、婦幼車格2格及綠能車位2格)。,臨時停車收費,,0,1,0,20,0,1,00:00,00:00,1,1,1,1,1,1,1,0
89050734,大道停6停車場,平面停車場小型車56格（含身心障礙車格、婦幼車格各2格及綠能車位3格）,計時方案,,0,1,0,20,0,1,00:00,00:00,1,1,1,1,1,1,1,0
89050740,北園公兒停車場,平面停車場小型車167格（含身心障礙車格、婦幼車格各4格及綠能優先車位9格）,計時方案,,0,1,0,20,0,1,00:00,00:00,1,1,1,1,1,1,1,0
81305474,永福路停車場,平面式小型車27格(含身心障礙、婦幼、綠能車格各1格),信用卡優惠專案,,0,1,0,20,0,1,00:00,00:00,1,1,1,1,1,1,1,0
47940399-1,港濱停車場 (第一區),平面式小型車38格 (含身心障礙1格、婦幼車格1格),汽車停車場計時收費,,0,1,0,20,0,1,00:00,00:00,1,1,1,1,1,1,1,0
47882362,榮譽街停車場,平面式小型車352格(含身心障礙停9格、婦幼車格10格及綠能車位10格)。,臨時停車收費,,0,1,0,20,0,1,00:00,00:00,1,1,1,1,1,1,1,0
89050973,中華路58巷停車場,平面停車場小型車52格（含身心障礙車格、婦幼車格各2格及綠能車位3格）,計時方案,,0,1,0,20,0,1,00:00,00:00,1,1,1,1,1,1,1,0
89050848,運河星鑽停車場,平面停車場小型車28格（含身心障礙車格、婦幼車格各1格及綠能車位2格）,計時方案,,0,1,0,20,0,1,00:00,00:00,1,1,1,1,1,1,1,0
81305489,民族路停車場,平面式小型車28格(含身心障礙、婦幼、綠能車格各1格),信用卡優惠專案,,0,1,0,20,0,1,00:00,00:00,1,1,1,1,1,1,1,0
47941279,永華停車場,立體式小型車46格(含身心障礙1格、婦幼車格1格及綠能車位1格)。,臨時停車收費      當日最高優惠,,0,0,0,30,0,1,00:00,00:00,1,1,1,1,1,1,1,0
TTT010,台東火車站四處路外停車場(A區),平面式小型車112格(含身障專用車格4格、婦幼專用車格3格),,,,,,,,,,,,,,,,,,
TTT019,台東新生地下停車場,地下式停車場，地下二層,自小客車計時方案,自小客車每小時收費10元,0,1,60,10,,1,00:00,23:59,1,1,1,1,1,1,1,1
TTT016,長濱鄉壹號停車場,立體式停車格48格(含身心障礙停車格1格、孕婦及育有六歲以下兒童者停車位1格),,,,,,,,,,,,,,,,,,
AO030008,龜山龍華停車場,小型車23格,自小客車費率,20元/每小時,0,1,30,20,200,1,00:00,23:59,1,1,1,1,1,1,1,1
AO060012,1895乙未保臺紀念公園地下停車場,地下式小型車180格(內含身障*4、婦女*4、電動*7)、機車36格,汽車,,0,1,60,30,200,1,00:00,23:59,1,1,1,1,1,1,1,1
AO070016,豐田停車場,平面式(含身心障礙車位1格),自小客車計時,每小時收費20元,0,1,60,20,,1,00:00,23:59,1,1,1,1,1,1,1,1
AO010024,新民立體停車場,小型車臨停30元/時、月租3600元/月,,,,,,,,,,,,,,,,,,
AO010018,東門溪停車場,平面機車格,,,,,,,,,,,,,,,,,,
AO040006,南崁廣停一平面停車場,機車位134格,自小客車費率,自小客車每小時收費20元,0,1,30,20,,1,00:00,23:59,1,1,1,1,1,1,1,1
AO020022,龍岡停車場,小型車臨時停車收費方式：  日間計時：每小時30元，平日最高收費150元，假日最高收費200元  夜間計時(22:00-07:00)：每小時10元   機車臨時停車收費方式：  平日當日計次：每次10元  假日當日計次：每次20元  ※ 相關停車須知皆以現場公告為準。 ,自小客車計時方案,平日07-22 30/hr  最高收費150  22-07最高10元 假日07-22 30/hr  最高收費200  22-07最高10元,0,1,60,30,,0,00:00,23:59,1,1,1,1,1,1,1,1
AO070004,廣豐二停車場,小型車150格。(含身障4格;電動3格;婦幼2格),一般停車,每小時30元,0,1,60,30,,1,00:00,23:59,1,1,1,1,1,1,1,1
AO060007,大興平面停車場,小型車27格、臨停20元/時、進場未滿30分鐘免費、月租2400元,,,,,,,,,,,,,,,,,,
AO010035,創新園區二期停車場,小型車37格,自小客車費率,20元/每小時,0,1,30,20,100,1,00:00,23:59,1,1,1,1,1,1,1,1
AO070006,文昌街停車場,小型車25格。(含身障1格;婦幼1格),一般汽車,每小時30,0,1,60,30,,1,00:00,23:59,1,1,1,1,1,1,1,1
AO080011,瑞溪停車場,小型車81格、臨停20元/時、進場未滿30分鐘免費、月租2400元,自小客車費率,臨停20元/時、進場未滿30分鐘免費、月租2400元,0,1,30,20,,1,00:00,23:59,1,1,1,1,1,1,1,1
AO070010,和義二停車場,平面停車場,,,,,,,,,,,,,,,,,,
AO010031,南門公園地下停車場,地下停車場(含身障及婦幼車格),小客車費率30元/時,小客車費率30元/時,0,1,30,30,240,1,00:00,23:59,1,1,1,1,1,1,1,1
AO020035,大華段公有停車場,平面式小型車29車位(含身心障礙及婦幼車格),自小客車計時方案,,0,1,30,10,,1,00:00,23:59,1,1,1,1,1,1,1,1
AO070017,明光街停車場,平面式(含身心障礙車位1格),自小客車計時,每小時收費20元,0,1,60,20,,1,00:00,23:59,1,1,1,1,1,1,1,1
AO080013,瑞塘停車場,小型車80格、臨停20元/時、進場未滿30分鐘免費、月租2400元,自小客車費率,臨停20元/時、進場未滿30分鐘免費、月租2400元,0,1,30,20,,1,00:00,23:59,1,1,1,1,1,1,1,1
AO080001,新成立體停車場,小型車83格、臨停30/時、月租3600元/月,,,,,,,,,,,,,,,,,,
AO010008,三聖停車場,小型車臨時停車收費：  全日計時：每小時20元，12小時內最高收費60元  ※ 入場前30分鐘免費停車。 ※ 相關停車須知皆以現場公告為準。  ,自小客車計時方案,"每小時收費20元,當日最高收費120元",0,1,60,20,120,0,00:00,23:59,1,1,1,1,1,1,1,1
AO020025,新明國小地下停車場,立體式停車場.小型車286車位(含身心障礙及婦幼車格).機車104車位,自小客車計時方案,當日30元當日,0,1,30,20,,1,00:00,23:59,1,1,1,1,1,1,1,1
AO020011,南園停車場,汽車60機車20,自小客車計時方案,自小客車每小時收費30元,0,1,60,30,,1,00:00,23:59,1,1,1,1,1,1,1,1
AO020027,永發停車場,平面式小型車146車位(含身心障礙及婦幼車格),自小客車計時方案,,0,1,30,10,,1,00:00,23:59,1,1,1,1,1,1,1,1
AO070005,大和段停車場,小型車45格。(含身障1格;婦幼1格),一般汽車,,0,1,60,30,,1,00:00,23:59,1,1,1,1,1,1,1,1
AO020003,中壢忠孝站,小型車臨時停車收費方式：  平日計時：每小時20元，當日最高收費80元  假日計時：每小時20元，當日最高收費120元  ※ 相關停車須知皆以現場公告為準。 ,自小客車計時方案,"每小時收費30元,平日最高收費80元,假日最高收費120元",0,1,60,30,80,0,00:00,23:59,1,1,1,1,1,1,1,1
AO080018,楊梅區台66橋下停車場,小型車33格,免費,,0,1,0,0,,1,00:00,23:59,1,1,1,1,1,1,1,1
AO060004,上海平面停車場,小型車88格、臨停20元/時、進場未滿30分鐘免費、月租2400元,,,,,,,,,,,,,,,,,,
AO080003,金山停車場,臨停20元/時、進場未滿30分鐘免費、月租2400元,自小客車費率,臨停20元/時、進場未滿30分鐘免費、月租2400元,0,1,30,20,,1,00:00,23:59,1,1,1,1,1,1,1,1
AO060003,廣北平面停車場,小型車119格、臨停20元/時、進場未滿30分鐘免費、月租2400元,自小客車費率,臨停20元/時、進場未滿30分鐘免費、月租2400元,0,1,30,20,,1,00:00,23:59,1,1,1,1,1,1,1,1
AO080007,民族公園停車場,全日,自小客車費率,臨停20元/時、進場未滿30分鐘免費、月租2400元,0,1,30,20,,1,00:00,23:59,1,1,1,1,1,1,1,1
AO090004,桃園太武新村停車場,小型車臨停場地,自小客車計時方案,每半小時10元,0,1,30,10,,1,00:00,23:59,1,1,1,1,1,1,1,1
AO100004,大園區停三停車場,免費,,,,,,,,,,,,,,,,,,
AO050002,運動公園平面停車場,平面停車場,小型車計時方案,自小客車每小時30元,0,1,60,30,,0,00:00,23:59,1,1,1,1,1,1,1,1
AO010003,水汴頭平面停車場,平面119格(含身障/婦幼車格),小客車停放,"每小時20元,每12小時50元",0,1,30,20,100,1,00:00,23:59,1,1,1,1,1,1,1,1
AO010023,虎頭山停車場,平面停車位(含身障/婦幼格),自小客車,"自小客車一小時20元,當日最高80元",0,1,30,20,80,1,00:00,23:59,1,1,1,1,1,1,1,1
AO040003,南榮地下停車場,小型車77格、臨停20元/時、進場未滿30分鐘免費、月租2400元,自小客車費率,臨停20元/時、進場未滿30分鐘免費、月租2400元,0,1,30,20,,1,00:00,23:59,1,1,1,1,1,1,1,1
AO040007,南崁廣停二平面停車場,小型車17格,自小客車費率,自小客車每小時收費20元,0,1,30,20,,1,00:00,23:59,1,1,1,1,1,1,1,1
AO010004,建國停車場,只小型車臨時停車收費：  全日計時：每小時20元，當日最高收費100元  ※ 入場前30分鐘免費停車。 ※ 相關停車須知皆以現場公告為準。   ,自小客車計時方案,"每小時收費20元,當日最高收費100元",0,1,60,20,,0,00:00,23:59,1,1,1,1,1,1,1,1
AO080014,埔心車站後站停車場,小型車53格、臨停20元/時、進場未滿30分鐘免費、月租2400元、機車平日臨停20元次、假日日30元/次、隔日另計,自小客車費率,小型車53格、臨停20元/時、進場未滿30分鐘免費、月租2400元、機車平日臨停20元次、假日日30元/次、隔日另計,0,1,30,20,,1,00:00,23:59,1,1,1,1,1,1,1,1
AO080015,埔心公園停車場,小型車92格、臨停20元/時、進場未滿30分鐘免費、月租2400元,自小客車費率,臨停20元/時、進場未滿30分鐘免費、月租2400元,0,1,30,20,,1,00:00,23:59,1,1,1,1,1,1,1,1
AO030007,中興里停車場,小型車8格含1格身障車位,小型汽車月租費率,月租5000/季繳,0,1,0,0,,1,00:00,23:59,1,1,1,1,1,1,1,1
AO070013,八德區永福停車場,小型車109格,自小客車費率,20元/每小時,0,1,30,30,100,1,00:00,23:59,1,1,1,1,1,1,1,1
AO020001,中壢忠孝黃昏市場站,小型車臨時停車收費方式：  全日計時：每半小時15元，當日最高收費100元  ※ 相關停車須知皆以現場公告為準。 ,自小客車計時方案,"每小時收費30元,當日最高收費100元",0,1,60,30,100,0,00:00,23:59,1,1,1,1,1,1,1,1
AO020031,青商公有停車場,開放式免費停車,免費,,0,1,0,0,,1,00:00,23:59,1,1,1,1,1,1,1,1
AO080005,永福停車場,小型車11格、臨停20元/時、進場未滿30分鐘免費、月租2400元,自小客車費率,臨停20元/時、進場未滿30分鐘免費、月租2400元,0,1,30,20,,1,00:00,23:59,1,1,1,1,1,1,1,1
AO010033,桃園文昌公園地下停車場,地下停車場(汽、機車),自小客車計時方案,自小客車每小時40元,0,1,60,40,200,1,00:00,23:59,1,1,1,1,1,1,1,1
AO080002,自立停車場,小型車23格、臨停20元/時、進場未滿30分鐘免費、月租2400元,,,,,,,,,,,,,,,,,,
AO100006,大園區停五停車場,平面免費,,,,,,,,,,,,,,,,,,
AO010037,廈門立體停車場,立體停車場小型車227格(含身障6格位)/機車54格,機車費率,20元/每日/每次',0,2,0,20,20,1,00:00,23:59,1,1,1,1,1,1,1,1
AO100003,大園區廣停二停車場,平面停車場,,,,,,,,,,,,,,,,,,
AO020013,青昇停車場,汽車77，機車175,自小客車計時方案,自小客車每小時收費10元,0,1,60,10,100,1,00:00,23:59,1,1,1,1,1,1,1,1
AO020005,中壢內壢站,小型車臨時停車收費方式：  全日計時：每小時30元，當日最高收費180元  ※ 相關停車須知皆以現場公告為準。 ,自小客車計時方案,"每小時收費30元,當日最高收費180元",0,1,60,30,180,0,00:00,23:59,1,1,1,1,1,1,1,1
AO070001,大忠地下停車場,小型車332格、臨停20元/時、進場未滿30分鐘免費、月租2400元,,,,,,,,,,,,,,,,,,
AO020018,中北健行停車場,小型車144格、機車299格,,,,,,,,,,,,,,,,,,
AO020040,大江公有停車場,小型車39格,自小客車20元/每小時,自小客車20元/每小時,0,1,60,20,,1,00:00,23:59,1,1,1,1,1,1,1,1
AO010012,朝陽公園停車場,30元/每小時、限停小型車,,,,,,,,,,,,,,,,,,
AO050003,龍華公有停車場,平面停車場,,,,,,,,,,,,,,,,,,
AO010016,桃園新站停車場,小型車38格、機車100格,,,,,,,,,,,,,,,,,,
AO020020,中鑄停車場,臨停30元/時、進場未滿30分鐘免費、月租3600元,,,,,,,,,,,,,,,,,,
AO030009,建國一村停車場,小型車271格,自小客車費率,20元/每小時,0,1,30,20,100,0,00:00,23:59,1,1,1,1,1,1,1,1
AO060010,忠貞三公有停車場,平面停車場,小型車計時方案,自小客車每小時30元,0,1,60,30,,0,00:00,23:59,1,1,1,1,1,1,1,1
AO070009,和義一停車場,平面停車場,自小客車計時方案,自小客車每小時收費20元,0,1,30,10,,1,00:00,23:59,1,1,1,1,1,1,1,1
AO070008,忠勇停車場,平面停車場,自小客車計時方案,自小客車每小時收費20元,0,1,60,20,,1,00:00,23:59,1,1,1,1,1,1,1,1
AO020009,廣停一停車場,汽車77機車20,汽車費率,每小時30元,0,1,30,30,1000,1,00:00,23:59,1,1,1,1,1,1,1,1
AO070018,永豐路停車場,平面式(含身心障礙車位2格),自小客車計時,,0,1,60,20,,1,00:00,23:59,1,1,1,1,1,1,1,1
AO090001,長興停車場,平面式小型車83格(含身障格2格),,,,,,,,,,,,,,,,,,
AO050004,舊鄉代停車場,小型車臨停場地,自小客車計時方案,"每小時收費30元,當日最高收費230元",0,1,60,30,230,0,00:00,23:59,1,1,1,1,1,1,1,1
AO020014,站前東停車場,汽車73機車173,自小客車計時方案,自小客車每小時收費10元,0,1,60,10,50,1,00:00,23:59,1,1,1,1,1,1,1,1
AO050001,東龍停車場,小型車95隔含身心障礙車隔2格,小客車計時收費方式,自小客車每小時30元,0,1,60,30,,0,00:00,23:59,1,1,1,1,1,1,1,1
AO030003,停四停車場,平面小型停車場48格(含身障車格1格),小型汽車臨停費率,每小時20元，進場24小時優惠60元,0,1,30,10,,1,00:00,23:59,1,1,1,1,1,1,1,1
AO020032,青松公有停車場,開放式免費停車,免費,,0,1,0,0,,1,00:00,23:59,1,1,1,1,1,1,1,1
AO020017,延平立體停車場,汽車201機車161,自小客車計時方案,自小客車平日每小時收費30元，假日每小時40元,0,1,60,30,,1,00:00,23:59,1,1,1,1,1,1,1,1
AO020038,中壢區五福停車場,五福公園停車場,自小客車計時方案,自小客車每小時40元,0,1,30,40,,1,00:00,23:59,1,1,1,1,1,1,1,1
AO010006,龍安一停車場,小型車臨時停車收費：  全日計時：每小時20元，12小時內最高收費150元  ※ 入場前30分鐘免費停車。 ※ 相關停車須知皆以現場公告為準。,自小客車計時方案,"每小時收費20元,12小時收費150元",0,1,60,20,,0,00:00,23:59,1,1,1,1,1,1,1,1
AO030005,文德公園停車場,平面小型停車場30格(含身障車格1格),小型汽車臨停費率,每小時20元，進場24小時優惠60元,0,1,30,10,,1,00:00,23:59,1,1,1,1,1,1,1,1
AO090002,橋頭停車場,平面式小型車584格,,,,,,,,,,,,,,,,,,
AO080016,瑞坪停車場,小型車58格、臨停20元/時、進場未滿30分鐘免費、月租2400元,,,,,,,,,,,,,,,,,,
AO020015,站前西停車場,汽車90機車140,自小客車計時方案,自小客車每小時收費10元,0,1,60,10,100,1,00:00,23:59,1,1,1,1,1,1,1,1
AO060008,坤慶平面停車場,小型車86格、臨停20元/時、進場未滿30分鐘免費、月租2400元,,,,,,,,,,,,,,,,,,
AO030006,善捷段停車場,平面小型停車場113格(含身障車格3格),小型汽車臨停費率,每小時20元，進場12小時優惠80元,0,1,30,10,,1,00:00,23:59,1,1,1,1,1,1,1,1
AO080008,楊梅國中網球場停車場,小型車20格、臨停20元/時、進場未滿30分鐘免費、月租2400元,自小客車費率,臨停20元/時、進場未滿30分鐘免費、月租2400元,0,1,30,20,,1,00:00,23:59,1,1,1,1,1,1,1,1
AO020039,中壢石頭段停車場,小型車79格,自小客車費率,30元/每小時,0,1,30,30,160,1,00:00,23:59,1,1,1,1,1,1,1,1
AO070011,八德區瑞祥停車場,平面式(含身心障礙車位4格),自小客車計時,,0,1,60,20,,1,00:00,23:59,1,1,1,1,1,1,1,1
AO080017,  五福公園停車場 ,平面式(含身心障礙車位3格),自小客車計時,,0,1,60,20,,1,00:00,23:59,1,1,1,1,1,1,1,1
AO100002,大園區廣停一停車場,平面車位,免費,,0,1,60,0,,1,00:00,23:59,1,1,1,1,1,1,1,1
AO120001,觀音建國停車場,小型車111格,自小客車費率,20元/每小時,0,1,30,20,100,1,00:00,23:59,1,1,1,1,1,1,1,1
AO010032,新永和停車場,平面停車場,自小客車計時方案,自小客車平日每小時收費20元，假日每小時收費30元,0,1,60,20,,1,00:00,23:59,1,1,1,1,1,1,1,1
AO060002,廣南平面停車場,小型車80格、臨停20元/時、進場未滿30分鐘免費、月租2400元,自小客車費率,臨停20元/時、進場未滿30分鐘免費、月租2400元,0,1,30,20,,1,00:00,23:59,1,1,1,1,1,1,1,1
AO010019,文小二停車場,平面式停車場483格(含身障及婦幼格),小客車費率,小客車餒小時收費20元/時,0,1,30,20,60,1,00:00,23:59,1,1,1,1,1,1,1,1
AO020028,中央地下停車場,立體式停車場.小型車312車位(含身心障礙及婦幼車格).機車212車位,機車計次方案,當日30元/次,0,2,0,30,,1,00:00,23:59,1,1,1,1,1,1,1,1
AO020019,中原國小地下停車場,小型車423格、臨停30元/時、月租3600元/月 ,,,,,,,,,,,,,,,,,,
AO010001,西門地下停車場,地下二層停車場,小客車,每小時30元,0,1,30,30,150,1,00:00,23:59,1,1,1,1,1,1,1,1
AO100005,大園區停四停車場,平面場,,,,,,,,,,,,,,,,,,
AO020016,永春停車場,汽車108機車54,自小客車計時方案,自小客車每小時收費10元,0,1,60,10,50,1,00:00,23:59,1,1,1,1,1,1,1,1
AO070014,建德停車場,平面式(含身心障礙車位2格),自小客車計時,,0,1,60,20,,1,00:00,23:59,1,1,1,1,1,1,1,1
AO010009,吉安停車場,小型車臨時停車收費：  全日計時：每小時20元，12小時內最高收費80元  ※ 入場前30分鐘免費停車。 ※ 相關停車須知皆以現場公告為準。  ,自小客車計時方案,"每小時收費20元,當日最高收費80元",0,1,60,20,80,0,00:00,23:59,1,1,1,1,1,1,1,1
AO010036,桃園區大有立體暨殯葬園區平面公有停車場,小型車413格、機車146格,汽車,每小時收費30元,0,1,60,30,90,0,00:00,23:59,1,1,1,1,1,1,1,1
AO020023,台貿停車場,"平面式小型車停車場,小型車臨時停車收費方式： 平日計時：每小時30元，當日最高收費100元 假日計時：每小時30元，當日最高收費150元  ​※ 相關停車須知皆以現場公告為準。日最高150元",自小客車計時方案,30/hr 平日當日最高100 假日當日最高150,0,1,60,30,,0,00:00,23:59,1,1,1,1,1,1,1,1
AO070012,大湳公有停車場,立體式小型車207格(含身障車位及婦幼車位電動充電車位),自小客車費率,30元/每小時,0,1,30,30,,1,00:00,23:59,1,1,1,1,1,1,1,1
AO010030,中路停六停車場,小型車115格、臨停30元/時、進場未滿30分鐘免費、月租3600元,,,,,,,,,,,,,,,,,,
AO010020,假日花市停車場,平面停車場63格(含身障及婦幼車格),小客車例假日計時費率,"小客車每小時30元,無最高優惠",0,1,30,30,60,1,00:00,23:59,0,0,0,0,0,1,1,1
AO080006,大模停車場,小型車42格、臨停20元/時、進場未滿30分鐘免費、月租2400元,自小客車費率,臨停20元/時、進場未滿30分鐘免費、月租2400元,0,1,30,20,,1,00:00,23:59,1,1,1,1,1,1,1,1
AO020012,正光二街停車場,汽車27,自小客車計時方案,自小客車每小時收費30元,0,1,60,30,,1,00:00,23:59,1,1,1,1,1,1,1,1
AO040004,大新平面停車場,小型車28格、臨停20元/時、進場未滿30分鐘免費、月租2400元,,,,,,,,,,,,,,,,,,
AO010029,中路停五停車場,平面式小型車115格、臨停30元/時、月租3600元/月,,,,,,,,,,,,,,,,,,
AO010026,武陵小段停車場,小型車22格、臨停30元/時、月租3600元/月,,,,,,,,,,,,,,,,,,
AO100007,大園區停六停車場,平面免費,,,,,,,,,,,,,,,,,,
AO060006,新榮平面停車場,小型車36格、臨停20元/時、進場未滿30分鐘免費、月租2400元,自小客車費率,臨停20元/時、進場未滿30分鐘免費、月租2400元,0,1,30,20,,1,00:00,23:59,1,1,1,1,1,1,1,1
AO030002,停五停車場,小型車28個(含身障車位1位),小型汽車臨停費率,每小時20元，進場24小時優惠60元,0,1,30,10,,1,00:00,23:59,1,1,1,1,1,1,1,1
AO080004,梅高停車場,小型車77格、臨停20元/時、進場未滿30分鐘免費、月租2400元,自小客車費率,全日,0,1,30,20,,1,00:00,23:59,1,1,1,1,1,1,1,1
AO040001,南崁公一地下停車場,平面式小型車586格、臨停20元/時、月租2400元/月,,,,,,,,,,,,,,,,,,
AO020030,青雲公有停車場,平面式小型車98車位(含身心障礙平面式小型車,免費,,0,1,0,0,,1,00:00,23:59,1,1,1,1,1,1,1,1
AO020010,坤慶公園地下停車場,地下停車場,自小客車計時方案,自小客車平日每小時收費30元,0,1,60,30,,1,00:00,23:59,1,1,1,1,1,1,1,1
AO060005,大連平面停車場,小型車88格、臨停20元/時、進場未滿30分鐘免費、月租2400元,,,,,,,,,,,,,,,,,,
AO020004,中壢復華站,小型車臨時停車收費方式：  全日計時：每小時30元，當日最高收費150元  ※ 相關停車須知皆以現場公告為準。 ,自小客車計時方案,"每小時收費30元,當日最高收費150元",0,1,60,30,150,0,00:00,23:59,1,1,1,1,1,1,1,1
AO080012,三元停車場,小型車44格、臨停20元/時、進場未滿30分鐘免費、月租2400元,自小客車費率,臨停20元/時、進場未滿30分鐘免費、月租2400元,0,1,30,20,,1,00:00,23:59,1,1,1,1,1,1,1,1
AO030004,市十三停車場,平面小型停車場107格(含身障車格3格),小型汽車臨停費率,每小時10元，當日最高優惠80元,0,1,30,10,,1,00:00,23:59,1,1,1,1,1,1,1,1
AO010015,宏昌六街停車場,平面式小型車72格,,,,,,,,,,,,,,,,,,
AO020029,文康停車場,平面式小型車109車位(含身心障礙及婦幼車格),自小客車計時方案,計時:20元/時.12小時上限120元,0,1,30,10,,1,00:00,23:59,1,1,1,1,1,1,1,1
AO010011,陽明公園停車場,臨停每小時30元、進場未滿30元免費,,,,,,,,,,,,,,,,,,
AO010034,桃園復興停車場,露天平面式,,,,,,,,,,,,,,,,,,
AO020037,中壢殯葬園區停車場,平面式小型車180車位(含身心障礙及婦幼車格),自小客車計時方案,30元/時.前30分鐘免費,0,1,30,15,,1,00:00,23:59,1,1,1,1,1,1,1,1
AO010022,孔廟停車場,平面停車場(含身障/婦幼格),小客車費率,每小時20元,0,1,30,20,80,1,00:00,23:59,1,1,1,1,1,1,1,1
AO060011,中正公有停車場,平面停車場,小型車計時方案,自小客車每小時30元,0,1,60,30,,0,00:00,23:59,1,1,1,1,1,1,1,1
AO020036,文化公園停車場,立體式小型車(含身心障礙8格位.婦幼停車11格位.電動汽車12格位),長春三路出入口,30/H.12H最高70元.前30分鐘免費,0,1,30,15,,1,00:00,23:59,1,1,1,1,1,1,1,1
AO030001,嘟嘟房龜山公所站停車場,地下平面,自小客車停車費率,每小時20元,0,1,30,20,0,1,00:00,23:59,1,1,1,1,1,1,1,1
AO060001,貿東停車場,"平面式小型車停車場,小型車臨時停車收費方式： 平日計時：每小時30元，當日最高收費150元 假日計時：每小時30元，當日最高收費200元  ​※ 相關停車須知皆以現場公告為準。",自小客車計時方案,30/hr 平日當日最高150 假日當日最高200,0,1,60,30,,0,00:00,23:59,1,1,1,1,1,1,1,1
AO010013,建國公園停車場,平面式小型車23格,,,,,,,,,,,,,,,,,,
AO070015,八德區廣興停車場,平面式42格(含身心障礙車位1格),計時,,0,1,60,20,,1,00:00,23:59,1,1,1,1,1,1,1,1
AO010014,三民公園停車場,小型車61格,,,,,,,,,,,,,,,,,,
AO010010,大檜溪公園地下室停車場,地下室停車場共65格小型車位,自小客車費率,30元/每小時,0,1,30,30,,1,00:00,23:59,1,1,1,1,1,1,1,1
AO010005,青溪停車場,小型車臨時停車收費：  全日計時：每小時20元，當日最高收費120元  ※ 入場前30分鐘免費停車。 ※ 相關停車須知皆以現場公告為準。,自小客車計時方案,"每小時收費20元,當日最高收費120元",0,1,60,20,,0,00:00,23:59,1,1,1,1,1,1,1,1
AO080010,四維停車場,小型車72格、臨停20元/時、進場未滿30分鐘免費、月租2400元,自小客車費率,臨停20元/時、進場未滿30分鐘免費、月租2400元,0,1,30,20,,1,00:00,23:59,1,1,1,1,1,1,1,1
AO010028,中路停三停車場,小型車57格、機車19格,,,,,,,,,,,,,,,,,,
AO010027,中路停一停車場,小型車65格、臨停30元/時、進場未滿30分鐘免費、月租3600元,,,,,,,,,,,,,,,,,,
AO020002,中壢復興站,小型車臨時停車收費方式：  全日計時：每小時20元，當日最高收費100元  ※ 相關停車須知皆以現場公告為準。 ,自小客車計時方案,"每小時收費30元,當日最高收費120元",0,1,60,30,120,0,00:00,23:59,1,1,1,1,1,1,1,1
AO020007,中壢自強立體停車場,小型車臨時停車收費方式：  全日計時：每小時30元，當日最高收費150元  機車臨時停車收費方式：  當日計次：每次20元  ※ 相關停車須知皆以現場公告為準。 ,自小客車計時方案,"每小時收費30元,當日最高收費150元",0,1,60,30,150,0,00:00,23:59,1,1,1,1,1,1,1,1
AO010025,府前地下停車場,地下停車場,自小客車計時方案,每小時30元,0,1,60,30,,1,00:00,23:59,1,1,1,1,1,1,1,1
AO010017,桃園藝文園區地下停車場,地下停車場共517格(含身障及婦幼格),小客車平日停車費率,小客車每小時收費30元/時,0,1,30,30,150,1,00:00,23:59,1,1,1,1,1,0,0,0
AO090003,僑愛停車場,自小客車每小時20元,自小客車計時方案,自小客車每小時20元,0,1,30,20,,1,00:00,23:59,1,1,1,1,1,1,1,1
AO020006,中壢莊敬站,機車臨時停車收費方式：  當日計次：每次20元  ※ 相關停車須知皆以現場公告為準。 ,,,,,,,,,,,,,,,,,,
AO040005,大竹圍平面停車場,小型車17格、臨停20元/時、進場未滿30分鐘免費、月租2400元,自小客車費率,臨停20元/時、進場未滿30分鐘免費、月租2400元,0,1,30,20,,1,00:00,23:59,1,1,1,1,1,1,1,1
AO010021,殯葬園區停車場,平面停車場213格(含身障及婦幼車格),小客車費率,小客車費率30元/時,0,1,30,30,,1,00:00,23:59,1,1,1,1,1,1,1,1
AO040002,五福地下停車場,小型車124格、臨停20元/時、進場未滿30分鐘免費、月租2400元,,,,,,,,,,,,,,,,,,
AO020008,銀河廣場地下停車場,汽車145機車596,自小客車計時方案,自小客車平日每小時收費30元，假日每小時40元,0,1,60,30,,1,00:00,23:59,1,1,1,1,1,1,1,1
AO010007,龍安二停車場,小型車臨時停車收費：  全日計時：每小時20元，12小時內最高收費150元  ※ 入場前30分鐘免費停車。 ※ 相關停車須知皆以現場公告為準。,自小客車計時方案,"每小時收費20元,12小時收費150元",0,1,60,20,,0,00:00,23:59,1,1,1,1,1,1,1,1
AO060009,忠貞二公有停車場,臨停每小時30元,自小客車計時方案,自小客車每小時30元,0,1,60,30,,1,00:00,23:59,1,1,1,1,1,1,1,1
AO020024,龍平停車場,"平面式小型車停車場,小型車臨時停車收費方式： 全日計時：每小時30元，當日最高收費120元  ※ 相關停車須知皆以現場公告為準。",自小客車計時方案,30/hr  當日最高120,0,1,60,30,120,0,00:00,23:59,1,1,1,1,1,1,1,1
AO020021,興仁公園停車場,平面式小型車131格、臨停30元/時、月租3600元/月,,,,,,,,,,,,,,,,,,
AO070003,廣豐一停車場,小型車118格。(含身障3格;電動3格;婦幼2格),一般車,每小時30元,0,1,60,30,,1,00:00,23:59,1,1,1,1,1,1,1,1
AO020026,雙嶺停車場,平面式小型車116車位(含身心障礙及婦幼車格),自小客車計時方案,,0,1,30,10,,1,00:00,23:59,1,1,1,1,1,1,1,1
AO070002,公二地下停車場,小型車51格、臨停20元/時、進場未滿30分鐘免費、月租2400元,,,,,,,,,,,,,,,,,,
AO110001,新屋區停一立體停車場,總車位160格，有電梯的多目標停車場，前30分鐘免費停車。,小客車費率,30元/H,0,1,30,15,,1,00:00,23:59,1,1,1,1,1,1,1,1
AO010002,小檜溪停車場,平面停車場(含身障/婦幼格),自小客車計時,每小時20元,0,1,30,20,100,1,00:00,23:59,1,1,1,1,1,1,1,1
AO100001,兒十四地下停車場,小型車38格、臨停30元/時、進場未滿30分鐘免費、月租3600元,,,,,,,,,,,,,,,,,,
